2147,0,500,0.102103021,/reportingservice/api/teams/300/cm/campaigns/3A6765007%253A6723429%253A6720112%253A6668624%253A6668565%253A6668543%253A6668440%253A6668430%253A6668419%253A6668401%253A6667433%253A6661196%253A6661055%253A6661016%253A6513963%253A6499790%253A6308435%253A6171758%253A6171718%253A6128015%253A5977903%253A5977883%253A5737635%253A5737601%253A5699595%253A5634867%253A5491772%253A5491768%253A5367329%253A5367281%253A5367267%253A5367246%253A5367074%253A5334016%253A5333996%253A5333979%253A5333962%253A5333922%253A5333899%253A5333887%253A5333867%253A5333721%253A5326370%253A5163983%253A5139754%253A5139738%253A5135083%253A5134984%253A5114303%253A5106556%253A4850726%253A4843850%253A4843848%253A4775921%253A4705099%253A4692760%253A4692304%253A4681612%253A4681610%253A4589634%253A4483828%253A4483820%253A4483811%253A4483809%253A4483807%253A4483803%253A4381213%253A4316004%253A4316001%253A4136784%253A3918999%253A3918992%253A3918975%253A3918962%253A3869997%253A3846192%253A3654874%253A3654870%253A3654817%253A3654816%253A3654815D%253A3654815%253A3654566%253A3654565%253A3654563%253A3654416%253A3654411%253A3654186%253A3654113%253A3534297%253A3430916%253A%2B6513646/publishers/Admobsphere/report.xls?cutoff=1000&geoLevel=country&tabs=%5Btraq%3Acountry%3Asites%5D&groups=%5Bweekly%3Acamp%3Apub%28Admobsphere%29%5D&siteGroups=%5Bpub%28Admobsphere%29%5D&period=lastWeek
2146,0,500,0.102665448,/reportingservice/api/teams/300/cm/teamsummary.xls?cutoff=1000&geoLevel=country&tabs=%5Btraq%3Acountry%5D&period=lastWeek
11,0,500,0.139633418,/reportingservice/api/teams/171/fw/campaigns/1566/report.xls?&period=yesterday&cutoff=0&team=171&tabs=[country:sites:visibility:firewall]
3184,0,200,1.809123885,/reportingservice/api/teams/1135/cm/campaigns/uk12octfishcpa/report.xls?&period=last7days&cutoff=1000&groups=%5Bpub%5D&sortIndex=totalImpressions&sortOrder=desc&tabs=%5Btraq%3Avisibility%3Arisk%3Asites%3Arsa%3Arsasites%3Acluttersites%3Aadlocation%3Acampaignviewability%5D
2937,0,200,1.886872765,/reportingservice/api/teams/520/cm/campaigns/933325534/report.xls?&period=last30days&cutoff=1000&groups=%5Bdaily%3Apub%3Achan%3Aplac%5D&tabs=%5Bclutter%3Acluttersites%3Acontext%5D
3120,0,200,1.891993926,/reportingservice/api/teams/1304/cm/campaigns/CSC%2520ACME_FY14_V8VegetableJuice_CBI-V8B-12%253ACSC%2520ACME_FY14_Goldfish%2520Kids_CBI-Gol-15%253ACSC%2520ACME_FY14_Chunky_CBI-CHU-15/report.xls?&period=last7days&cutoff=1000&groups=%5Bcamp%3Apub%5D&sortIndex=totalImpressions&sortOrder=desc&tabs=%5Btraq%3Atraqsites%3Avisibility%3Arisk%3Adevice%3Acountry%3Asites%3Arsa%3Arsasites%3Aclutter%3Acluttersites%3Acontext%3Aadlocation%3Aviewability3ms%3Acampaignviewability%5D
4001,0,200,0.185962667,/reportingservice/api/teams/1366/cm/campaigns/281946/report.xls?&period=last7days&cutoff=1000&groups=%5Bpub%3Achan%3Aplac%5D&sortIndex=totalImpressions&sortOrder=desc&tabs=%5Brsa%5D
4344,0,200,0.241981787,/reportingservice/api/teams/299/cm/campaigns/YFRSKY790983%253AYFRSKY650195%253AYFRN790983%253AYFRN650195%253AYFRMON790983%253AYFRLREC790983%253AYFRLREC650195%253AYFRHALFP790983%253A8066160%253A7977829%253A7977177%253A7947988%253A7558589%253A7558579%253A7558553%253A7558463%253A7186378%253A7179146%253A7179139%253A6900067%253A6843001%253A6832721%253A6831993%253A6658532%253A6657947%253A6642150%253A6631836%253A6040930%253A6040704%253A5971954%253A5971937%253A5971925%253A5971921%253A5971916%253A5292094%253A5292082%253A5292015%253A5291999%253A5291995%253A5291982%253A5291960%253A5155752%253A5143963%253A4829332%253A4808350%253A4749720%253A4721546%253A4632850%253A4632847%253A4623396%253A4590761%253A4438052%253A4307185%253A4200731%253A4161429%253A3746058%253A3654867%253A3654866%253A3654768%253A3654767%253A3654764%253A3654762%253A3632204%253A3632202/report.xls?&period=yesterday&cutoff=1000&groups=%5Bpub%5D&sortIndex=totalImpressions&sortOrder=desc&tabs=%5Brisk%3Adevice%3Acountry%3Asites%5D&settings=%7B%22Selected%20Report%22%3A%22%22%2C%22Period%22%3A%22Yesterday%22%2C%22Group%20Dates%20By%22%3A%22Period%22%2C%22Report%20By%22%3A%22Campaign%22%2C%22Campaign%22%3A%22YFRSKY790983%2C%20YFRSKY650195%2C%20YFRN790983%2C%20YFRN650195%2C%20YFRMON790983%2C%20YFRLREC790983%2C%20YFRLREC650195%2C%20YFRHALFP790983%2C%208066160%2C%207977829%2C%207977177%2C%207947988%2C%207558589%2C%207558579%2C%207558553%2C%207558463%2C%207186378%2C%207179146%2C%207179139%2C%206900067%2C%206843001%2C%206832721%2C%206831993%2C%206658532%2C%206657947%2C%206642150%2C%206631836%2C%206040930%2C%206040704%2C%205971954%2C%205971937%2C%205971925%2C%205971921%2C%205971916%2C%205292094%2C%205292082%2C%205292015%2C%205291999%2C%205291995%2C%205291982%2C%205291960%2C%205155752%2C%205143963%2C%204829332%2C%204808350%2C%204749720%2C%204721546%2C%204632850%2C%204632847%2C%204623396%2C%204590761%2C%204438052%2C%204307185%2C%204200731%2C%204161429%2C%203746058%2C%203654867%2C%203654866%2C%203654768%2C%203654767%2C%203654764%2C%203654762%2C%203632204%2C%203632202%22%2C%22Primary%20Seller%22%3A%22All%22%2C%22Secondary%20Seller%22%3Afalse%2C%22Geo%20Level%22%3A%22Country%22%2C%22Cutoff%22%3A%221%2C000%22%7D
4345,0,500,0.025085337,/reportingservice/api/teams/300/cm/campaigns/YDESKY305640%253AYDEN305640%253AYDELREC305640%253A8154574%253A8154532%253A8131226%252C%253A8131226%253A7429738%253A6765007%253A6723429%253A66686224%253A6668604%253A6668565%253A6668440%253A6668430%253A6668419%253A6667433%253A6661196%253A6661016%253A6308435%253A6128015%253A5977883%253A5634867%253A5367281%253A5367267%253A5367246%253A5367074%253A5334016%253A5333996%253A5333979%253A5333962%253A5333942%253A5333922%253A5333899%253A5333867%253A5333721%253A5326370%253A5163983%253A5134984%253A4843850%253A4843848%253A4808948%253A4775921%253A4705099%253A4692304%253A4681612%253A4681610%253A4571581%253A4483828%253A4483820%253A4483811%253A4483809%253A4483807%253A4483803%253A4381213%253A4136784%253A3918999%253A3918992%253A3918975%253A3918962%253A3869997%253A3654874%253A3654870%253A3654816%253A3654815D%253A3654815%253A3654566%253A3654565%253A3654563%253A3654416%253A3654411%253A3654186%253A3654113%253A3430916%253A1656813%253A1603807%253A1595285%253A1500173%253A1439773%253A1438082%253A1373616%253A1216562%253A0/report.xls?&period=yesterday&cutoff=1000&groups=%5Bpub%5D&sortIndex=totalImpressions&sortOrder=desc&tabs=%5Brisk%3Adevice%3Acountry%3Asites%5D&settings=%7B%22Selected%20Report%22%3A%22%22%2C%22Period%22%3A%22Yesterday%22%2C%22Group%20Dates%20By%22%3A%22Period%22%2C%22Report%20By%22%3A%22Campaign%22%2C%22Campaign%22%3A%22YDESKY305640%2C%20YDEN305640%2C%20YDELREC305640%2C%208154574%2C%208154532%2C%208131226%2C%2C%208131226%2C%207429738%2C%206765007%2C%206723429%2C%2066686224%2C%206668604%2C%206668565%2C%206668440%2C%206668430%2C%206668419%2C%206667433%2C%206661196%2C%206661016%2C%206308435%2C%206128015%2C%205977883%2C%205634867%2C%205367281%2C%205367267%2C%205367246%2C%205367074%2C%205334016%2C%205333996%2C%205333979%2C%205333962%2C%205333942%2C%205333922%2C%205333899%2C%205333867%2C%205333721%2C%205326370%2C%205163983%2C%205134984%2C%204843850%2C%204843848%2C%204808948%2C%204775921%2C%204705099%2C%204692304%2C%204681612%2C%204681610%2C%204571581%2C%204483828%2C%204483820%2C%204483811%2C%204483809%2C%204483807%2C%204483803%2C%204381213%2C%204136784%2C%203918999%2C%203918992%2C%203918975%2C%203918962%2C%203869997%2C%203654874%2C%203654870%2C%203654816%2C%203654815D%2C%203654815%2C%203654566%2C%203654565%2C%203654563%2C%203654416%2C%203654411%2C%203654186%2C%203654113%2C%203430916%2C%201656813%2C%201603807%2C%201595285%2C%201500173%2C%201439773%2C%201438082%2C%201373616%2C%201216562%2C%200%22%2C%22Primary%20Seller%22%3A%22All%22%2C%22Secondary%20Seller%22%3Afalse%2C%22Geo%20Level%22%3A%22Country%22%2C%22Cutoff%22%3A%221%2C000%22%7D
4379,0,200,0.249820831,/reportingservice/api/teams/298/cm/campaigns/YDESKY234984%253AYDEN234984%253A8227011%253A8154371%253A8131739%253A8125196%253A8103366%252C%253A8103366%253A7918961%253A7875420%253A7870591%252C%253A7870591%253A7445896%253A7344100%253A7276676%253A7185796%253A7155285%253A7155272%253A7155249%253A7148911%253A7099507%253A7085623%253A7085152%253A7084984%253A7000444%252C%253A7000444%253A7000038%253A6956352%253A6764034%253A6596434%253A6576415%253A6464395%253A6359781%253A6359776%253A6234710%253A6234696%253A6053577%253A6053566%253A6053559%253A6053440%253A6026466%253A5824443%253A5752440%253A5752434%253A5533862%253A5502827%253A5407001%253A5205207%253A5205199%253A5140430%253A5135512%253A5135487%253A5135465%253A5135450%253A5135440%253A5135422%253A5125537%253A5125531%253A5124776%253A5119317%253A5119244%253A5115680%253A3655249%253A3655024%253A3654819%253A3654759%253A3654425%253A3654423%253A3654185%253A3650760%253A3628859%253A3628858%253A3628857/report.xls?&period=last7days&cutoff=1000&groups=%5Bpub%5D&sortIndex=totalImpressions&sortOrder=desc&tabs=%5Brisk%3Adevice%3Acountry%3Asites%5D&settings=%7B%22Selected%20Report%22%3A%22%22%2C%22Period%22%3A%22Last%207%20Days%22%2C%22Group%20Dates%20By%22%3A%22Period%22%2C%22Report%20By%22%3A%22Campaign%22%2C%22Campaign%22%3A%22YDESKY234984%2C%20YDEN234984%2C%208227011%2C%208154371%2C%208131739%2C%208125196%2C%208103366%2C%2C%208103366%2C%207918961%2C%207875420%2C%207870591%2C%2C%207870591%2C%207445896%2C%207344100%2C%207276676%2C%207185796%2C%207155285%2C%207155272%2C%207155249%2C%207148911%2C%207099507%2C%207085623%2C%207085152%2C%207084984%2C%207000444%2C%2C%207000444%2C%207000038%2C%206956352%2C%206764034%2C%206596434%2C%206576415%2C%206464395%2C%206359781%2C%206359776%2C%206234710%2C%206234696%2C%206053577%2C%206053566%2C%206053559%2C%206053440%2C%206026466%2C%205824443%2C%205752440%2C%205752434%2C%205533862%2C%205502827%2C%205407001%2C%205205207%2C%205205199%2C%205140430%2C%205135512%2C%205135487%2C%205135465%2C%205135450%2C%205135440%2C%205135422%2C%205125537%2C%205125531%2C%205124776%2C%205119317%2C%205119244%2C%205115680%2C%203655249%2C%203655024%2C%203654819%2C%203654759%2C%203654425%2C%203654423%2C%203654185%2C%203650760%2C%203628859%2C%203628858%2C%203628857%22%2C%22Primary%20Seller%22%3A%22All%22%2C%22Secondary%20Seller%22%3Afalse%2C%22Geo%20Level%22%3A%22Country%22%2C%22Cutoff%22%3A%221%2C000%22%7D
4714,0,200,0.16418373,/reportingservice/api/teams/520/cm/campaigns/933325534%253A1084549776%253A1084277613/report.xls?&period=last7days&cutoff=1000&groups=%5Bpub%5D&sortIndex=totalImpressions&sortOrder=desc&tabs=%5Brisk%3Adevice%3Acountry%3Asites%5D&settings=%7B%22Selected%20Report%22%3A%22%22%2C%22Period%22%3A%22Last%207%20Days%22%2C%22Group%20Dates%20By%22%3A%22Period%22%2C%22Report%20By%22%3A%22Campaign%22%2C%22Campaign%22%3A%22%25%25CAMPAIGN_NAMES%25%25%22%2C%22Primary%20Seller%22%3A%22All%22%2C%22Secondary%20Seller%22%3Afalse%2C%22Geo%20Level%22%3A%22Country%22%2C%22Cutoff%22%3A%221%2C000%22%7D
4888,0,500,0.055769994,/reportingservice/api/teams/300/cm/campaigns/8154574%253A8154532%253A8131226%252C%253A8131226%253A7429738%253A66686224%253A6668604%253A6668565%253A6668440%253A6668430%253A6668419%253A6668401%253A6661196%253A6661055%253A6661016%253A6128015%253A5977883%253A5885993%253A5367281%253A5367074%253A5334016%253A5333996%253A5333979%253A5333962%253A5333942%253A5333922%253A5333899%253A5333867%253A5333721%253A5326370%253A5163983%253A5134984%253A4843850%253A4843848%253A4808948%253A4775921%253A4705099%253A4692304%253A4681612%253A4681610%253A4571581%253A4483828%253A4483820%253A4483811%253A4483809%253A4483807%253A4483803%253A4381213%253A4136784%253A3869997%253A3654874%253A3654870%253A3654815D%253A3654815%253A3654566%253A3654565%253A3654416%253A3654411%253A3654186%253A3654113%253A3430916%253A1656813%253A1653971%253A1653948%253A1653933%253A1603807%253A1595285%253A1500173%253A1439773%253A1438082%253A1373616%253A0/report.xls?&period=thisMonth&cutoff=1000&groups=%5Bpub%5D&sortIndex=totalImpressions&sortOrder=desc&tabs=%5Badlocation%3Aviewability3ms%3Acampaignviewability%5D&settings=%7B%22Selected%20Report%22%3A%22%2C%20Campaign%20Viewability%22%2C%22Period%22%3A%22This%20Month%22%2C%22Group%20Dates%20By%22%3A%22Period%22%2C%22Report%20By%22%3A%22Campaign%22%2C%22Campaign%22%3A%228154574%2C%208154532%2C%208131226%2C%2C%208131226%2C%207429738%2C%2066686224%2C%206668604%2C%206668565%2C%206668440%2C%206668430%2C%206668419%2C%206668401%2C%206661196%2C%206661055%2C%206661016%2C%206128015%2C%205977883%2C%205885993%2C%205367281%2C%205367074%2C%205334016%2C%205333996%2C%205333979%2C%205333962%2C%205333942%2C%205333922%2C%205333899%2C%205333867%2C%205333721%2C%205326370%2C%205163983%2C%205134984%2C%204843850%2C%204843848%2C%204808948%2C%204775921%2C%204705099%2C%204692304%2C%204681612%2C%204681610%2C%204571581%2C%204483828%2C%204483820%2C%204483811%2C%204483809%2C%204483807%2C%204483803%2C%204381213%2C%204136784%2C%203869997%2C%203654874%2C%203654870%2C%203654815D%2C%203654815%2C%203654566%2C%203654565%2C%203654416%2C%203654411%2C%203654186%2C%203654113%2C%203430916%2C%201656813%2C%201653971%2C%201653948%2C%201653933%2C%201603807%2C%201595285%2C%201500173%2C%201439773%2C%201438082%2C%201373616%2C%200%22%2C%22Primary%20Seller%22%3A%22All%22%2C%22Secondary%20Seller%22%3Afalse%2C%22Geo%20Level%22%3A%22Country%22%2C%22Cutoff%22%3A%221%2C000%22%7D
5179,0,200,0.139788262,/reportingservice/api/teams/1346/cm/campaigns/1452380%253A1437899%253A1437898%253A1437897%253A1437896%253A1437895%253A1437894%253A1437891%253A1437890%253A1437889%253A1437885%253A1437883%253A1437882%253A1437777%253A1437776%253A1437775%253A1437774%253A1437773%253A1437770%253A1437769%253A1437768%253A1437764%253A1437762%253A1437759%253A1437758%253A1437757%253A1437756%253A1437755%253A1437754%253A1437753%253A1437742%253A1437741%253A1437740%253A1437737%253A1437735%253A1437732%253A1437731%253A1437730%253A1437729%253A1437728%253A1437722%253A1437721%253A1437720%253A1437706%253A1437705%253A1437704%253A1437703%253A1437702%253A1437701%253A1437699%253A1437698%253A1437697%253A1437696%253A1437695%253A1437694%253A1437686%253A1437685%253A1437684%253A1437683%253A1437682%253A1437681%253A1437680%253A1437579%253A1437577%253A1437572%253A1437571%253A1437570%253A1437569%253A1437568%253A1437567%253A1437566%253A1437565%253A1437564%253A1437563%253A1437558%253A1437544%253A1437543%253A1437542%253A1437541%253A1437540%253A1437538%253A1437537%253A1437536%253A1437532%253A1422256%253A1407665%253A1406511%253A1406510%253A1399489%253A1399482%253A1399481%253A1399480%253A1397451%253A1397450%253A1394706%253A1394705%253A1394701%253A1394700%253A1394699%253A1302226%253A1302225%253A1302222%253A1302220%253A1302185%253A1244363%253A1244362%253A1244347%253A1244344%253A1244342%253A1244341%253A1244340%253A1244331%253A1238430%253A1219180%253A1208034%253A1208032%253A1208031%253A1208012%253A1208011%253A1208010%253A1208009%253A1208006%253A1205974%253A1205973%253A1205972%253A1205971%253A1205961%253A1205960%253A1205959%253A1205958%253A1205957%253A1205956%253A1205933%253A1205932%253A1205929%253A1205928%253A1205924%253A1205552%253A1205550%253A1205549%253A1205530%253A1205529%253A1205528%253A1205527%253A1205524%253A1205519%253A1204552%253A1202799%253A1202798%253A1202797%253A1202796%253A1202793%253A1193043%253A1192963%253A1185057%253A1185056%253A1185055%253A1185054%253A1185045%253A1185044%253A1185043%253A1185042%253A1175096%253A1175095%253A1175094%253A1175093%253A1175092%253A1175091%253A1175085%253A1175084%253A1174328%253A1174327%253A1174326%253A1174319%253A1173036%253A1173035%253A1173034%253A1173033%253A1171183%253A1171182%253A1171181%253A1171180%253A1170402%253A1170401%253A1170306%253A1170305/report.xls?&period=yesterday&cutoff=0&groups=%5Bpub%3Aplac%3Adaily%5D&tabs=%5Brisk%3Adevice%3Acountry%3Asites%5D&settings=%7B%22Selected%20Report%22%3A%22Risk%20Profile%2C%20Device%20Type%2C%20Geo%20Compliance%2C%20Top%20Blocked%20Sites%22%2C%22Period%22%3A%22Yesterday%22%2C%22Group%20Dates%20By%22%3A%22Day%22%2C%22Report%20By%22%3A%22Campaign%22%2C%22Campaign%22%3A%22%25%25CAMPAIGN_NAMES%25%25%22%2C%22Primary%20Seller%22%3A%22All%22%2C%22Ad%20Unit%22%3A%22Yes%22%2C%22Secondary%20Seller%22%3Afalse%2C%22Geo%20Level%22%3A%22Country%22%2C%22Cutoff%22%3A%220%22%7D
2081,0,200,14.029613618,/reportingservice/api/teams/1050/fw/campaigns/8817/report.xls?period=yesterday&cutoff=0&mediaType=mixed&includeMobile=true&groups=%5Bpub(7253)%3Adaily%5D&siteGroups=%5Bpub(7253)%5D&tabs=%5Bfirewall%3Adevice%3Acountry%3Asites%5D&settings=%7B%22Selected%20Report%22%3A%22Firewall%20Activity%2C%20Device%20Type%2C%20Geo%20Compliance%2C%20Top%20Blocked%20Sites%22%2C%22Period%22%3A%22Yesterday%22%2C%22Group%20Dates%20By%22%3A%22Day%22%2C%22Report%20By%22%3A%22Campaign%22%2C%22Campaign%22%3A%22%25%25CAMPAIGN_NAMES%25%25%22%2C%22Media%20Partner%22%3A%227253%22%2C%22Geo%20Level%22%3A%22Country%22%2C%22Cutoff%22%3A%220%22%7D
787,0,200,14.040796262,/reportingservice/api/teams/251/fw/campaigns/1424/campaignsummary.xls?&period=yesterday&cutoff=0&groups=%5Bcamp%3Aweekly%5D
2117,0,200,14.077993801,/reportingservice/api/teams/251/fw/teamsummary.xls
2084,0,200,14.683981061,/reportingservice/api/teams/1050/fw/campaigns/8817/report.xls?period=yesterday&mediaType=mixed&includeMobile=true&groups=%5Bpub(1274)%3Adaily%5D&siteGroups=%5Bpub(1274)%5D&tabs=%5Bfirewall%3Adevice%3Acountry%3Asites%3Acollisions%3Acollisionssites%3Arsa%3Arsasites%3Aviewability3ms%3Acampaignviewability%5D&settings=%7B%22Selected%20Report%22%3A%22Firewall%20Activity%2C%20Device%20Type%2C%20Geo%20Compliance%2C%20Top%20Blocked%20Sites%2C%20Ad%20Collision%2C%20Most%20Colliding%20Sites%2C%20Suspicious%20Activity%2C%20Most%20Suspicious%20Sites%2C%203MS%20Viewability%2C%20Campaign%20Viewability%22%2C%22Period%22%3A%22Yesterday%22%2C%22Group%20Dates%20By%22%3A%22Day%22%2C%22Campaign%22%3A%22%25%25CAMPAIGN_NAMES%25%25%22%2C%22Media%20Partner%22%3A%221274%22%2C%22Cutoff%22%3A0%7D
1972,0,200,14.728405789,/reportingservice/api/teams/1050/fw/campaigns/8817/campaignsummary.xls?period=yesterday&mediaType=mixed&includeMobile=true&groups=%5Bcamp%3Adaily%5D&tabs=%5Bfirewall%3Adevice%3Acountry%3Asites%3Acollisions%3Acollisionssites%3Arsa%3Arsasites%3Aclutter%3Acluttersites%3Acontext%3Aviewability3ms%3Acampaignviewability%5D&settings=%7B%22Selected%20Report%22%3A%22Firewall%20Activity%2C%20Device%20Type%2C%20Geo%20Compliance%2C%20Top%20Blocked%20Sites%2C%20Ad%20Collision%2C%20Most%20Colliding%20Sites%2C%20Suspicious%20Activity%2C%20Most%20Suspicious%20Sites%2C%20Clutter%2C%20Most%20Cluttered%20Sites%2C%20Contextual%20Analysis%2C%203MS%20Viewability%2C%20Campaign%20Viewability%22%2C%22Period%22%3A%22Yesterday%22%2C%22Group%20Dates%20By%22%3A%22Day%22%2C%22Campaign%22%3A%22%25%25CAMPAIGN_NAMES%25%25%22%2C%22Cutoff%22%3A0%7D
1462,0,200,14.73132973,/reportingservice/api/teams/20/fw/campaigns/7296/campaignsummary.xls?cutoff=0&period=yesterday
1462,1,200,14.731704526,/reportingservice/api/teams/20/fw/campaigns/1296/campaignsummary.xls?cutoff=0&period=yesterday
5857,0,200,0.126205723,/reportingservice/api/teams/1767/cm/campaigns/2699898%253A2699868%253A2699864/report.xls?&period=last7days&cutoff=1000&groups=%5Bcamp%3Apub%5D&sortIndex=totalImpressions&sortOrder=desc&tabs=%5Brisk%3Acampaignviewability%5D&settings=%7B%22Selected%20Report%22%3A%22Risk%20Profile%2C%20Campaign%20Viewability%22%2C%22Period%22%3A%22Last%207%20Days%22%2C%22Group%20Dates%20By%22%3A%22Period%22%2C%22Report%20By%22%3A%22Campaign%22%2C%22Campaign%22%3A%22%25%25CAMPAIGN_NAMES%25%25%22%2C%22Primary%20Seller%22%3A%22All%22%2C%22Secondary%20Seller%22%3Afalse%2C%22Geo%20Level%22%3A%22Country%22%2C%22Cutoff%22%3A%221%2C000%22%7D
6010,0,200,0.143939126,/reportingservice/api/teams/1346/cm/campaigns/1507348%253A1507006%253A1490875%253A1490842%253A1489940%253A1489939%253A1486489%253A1486488%253A1481909%253A1481906%253A1481578%253A1481577%253A1481576%253A1481575%253A1481574%253A1481573%253A1481572%253A1481571%253A1481567%253A1481565%253A1481563%253A1481562%253A1481561%253A1481560%253A1481559%253A1481558%253A1481557%253A1481556%253A1481555%253A1481551%253A1481549%253A1481546%253A1481545%253A1481544%253A1481543%253A1481542%253A1481541%253A1481530%253A1481529%253A1481525%253A1481524%253A1481515%253A1481514%253A1481513%253A1481512%253A1481511%253A1481508%253A1481507%253A1481506%253A1481504%253A1481499%253A1481496%253A1481495%253A1481493%253A1481492%253A1481482%253A1481481%253A1481477%253A1481037%253A1481036%253A1481032%253A1481023%253A1480984%253A1480980%253A1480917%253A1480912%253A1480911%253A1480903%253A1480877%253A1480876%253A1480874%253A1480871%253A1480832%253A1480831%253A1480780%253A1478679%253A1478673%253A1452380%253A1437899%253A1437898%253A1437897%253A1437896%253A1437895%253A1437894%253A1437891%253A1437890%253A1437889%253A1437885%253A1437883%253A1437882%253A1437777%253A1437776%253A1437775%253A1437774%253A1437773%253A1437770%253A1437769%253A1437768%253A1437764%253A1437762%253A1437759%253A1437758%253A1437757%253A1437756%253A1437755%253A1437754%253A1437753%253A1437742%253A1437741%253A1437740%253A1437737%253A1437735%253A1437732%253A1437731%253A1437730%253A1437729%253A1437728%253A1437722%253A1437721%253A1437720%253A1437719%253A1437715%253A1437706%253A1437705%253A1437704%253A1437703%253A1437702%253A1437701%253A1437699%253A1437698%253A1437697%253A1437696%253A1437695%253A1437694%253A1437686%253A1437685%253A1437684%253A1437683%253A1437682%253A1437681%253A1437680%253A1437579%253A1437577%253A1437576%253A1437572%253A1437571%253A1437570%253A1437569%253A1437568%253A1437567%253A1437566%253A1437565%253A1437564%253A1437563%253A1437561%253A1437558%253A1437544%253A1437543%253A1437542%253A1437541%253A1437540%253A1437538%253A1437537%253A1437536%253A1437534%253A1437532%253A1422256%253A1407665%253A1406511%253A1406510%253A1399489%253A1399482%253A1399481%253A1399480%253A1397451%253A1397450%253A1394706%253A1394705%253A1394701%253A1394700%253A1394699%253A1302226%253A1302225%253A1302222%253A1302220%253A1302185%253A1244363%253A1244362%253A1244347%253A1244344%253A1244342%253A1244341%253A1244340%253A1244331%253A1238430%253A1219180%253A1208034%253A1208032%253A1208031%253A1208012%253A1208011%253A1208010%253A1208009%253A1208006%253A1205974%253A1205973%253A1205972%253A1205971%253A1205961%253A1205960%253A1205959%253A1205958%253A1205957%253A1205956%253A1205933%253A1205932%253A1205929%253A1205928%253A1205924%253A1205552%253A1205550%253A1205549%253A1205530%253A1205529%253A1205528%253A1205527%253A1205524%253A1205519%253A1204552%253A1202799%253A1202798%253A1202797%253A1202796%253A1202793%253A1193043%253A1192963%253A1188289%253A1188288%253A1188282%253A1188280%253A1185057%253A1185056%253A1185055%253A1185054%253A1185045%253A1185044%253A1185043%253A1185042%253A1175096%253A1175095%253A1175094%253A1175093%253A1175092%253A1175091%253A1175085%253A1175084%253A1174328%253A1174327%253A1174326%253A1174319%253A1173036%253A1173035%253A1173034%253A1173033%253A1171183%253A1171182%253A1171181%253A1171180%253A1170402%253A1170401%253A1170306%253A1170305/report.xls?&period=yesterday&cutoff=1000&groups=%5Bpub%3Adaily%5D&tabs=%5Brisk%5D&settings=%7B%22Selected%20Report%22%3A%22Risk%20Profile%22%2C%22Period%22%3A%22Yesterday%22%2C%22Group%20Dates%20By%22%3A%22Day%22%2C%22Report%20By%22%3A%22Campaign%22%2C%22Campaign%22%3A%22%25%25CAMPAIGN_NAMES%25%25%22%2C%22Primary%20Seller%22%3A%22All%22%2C%22Secondary%20Seller%22%3Afalse%2C%22Geo%20Level%22%3A%22Country%22%2C%22Cutoff%22%3A%221%2C000%22%7D
6111,0,200,0.188727161,/reportingservice/api/teams/1370/cm/campaigns/1273709224%253A1215807948/report.xls?&period=last7days&cutoff=0&groups=%5Bpub%3Adaily%5D&tabs=%5Bcampaignviewability%5D&settings=%7B%22Selected%20Report%22%3A%22Campaign%20Viewability%22%2C%22Period%22%3A%22Last%207%20Days%22%2C%22Group%20Dates%20By%22%3A%22Day%22%2C%22Report%20By%22%3A%22Campaign%22%2C%22Campaign%22%3A%22%25%25CAMPAIGN_NAMES%25%25%22%2C%22Primary%20Seller%22%3A%22All%22%2C%22Secondary%20Seller%22%3Afalse%2C%22Geo%20Level%22%3A%22Country%22%2C%22Cutoff%22%3A%220%22%7D
6123,0,200,0.118259258,/reportingservice/api/teams/1426/cm/campaigns/1512393%253A1512392%253A1512391%253A1494655%253A1494654%253A1494653%253A1494652%253A1494651%253A1494650%253A1494648%253A1494647%253A1494646%253A1494645%253A1494644%253A1494643%253A1494642%253A1494641%253A1494640%253A1494639%253A1494638%253A1494637%253A1494635%253A1494634%253A1494633%253A1494632%253A1494631%253A1494630%253A1439832%253A1439825%253A1398836%253A1398835%253A1398833%253A1398832%253A1308004%253A1308003%253A1308002%253A1308001%253A1308000%253A1306664%253A1299797%253A1299796%253A1299795%253A1299794%253A1299793%253A1299791%253A1299789%253A1299788%253A1299787%253A1299785%253A1299784%253A1295016%253A1295015%253A1295014%253A1289985%253A1289984%253A1277616%253A1277615%253A1267411%253A1267410%253A1267408%253A1267407%253A1267406%253A1267404%253A1266704%253A1264684%253A1253112%253A1253111%253A1253110%253A1244679%253A1244678%253A1244677%253A1244596%253A1244593%253A1244588%253A1244586%253A1244582%253A1244581%253A1243767%253A1243766/report.xls?&period=last7days&cutoff=1000&groups=%5Bcamp%5D&sortIndex=totalImpressions&sortOrder=desc&tabs=%5Brisk%3Acampaignviewability%5D&settings=%7B%22Selected%20Report%22%3A%22Risk%20Profile%2C%20Campaign%20Viewability%22%2C%22Period%22%3A%22Last%207%20Days%22%2C%22Group%20Dates%20By%22%3A%22Period%22%2C%22Report%20By%22%3A%22Campaign%22%2C%22Campaign%22%3A%22%25%25CAMPAIGN_NAMES%25%25%22%2C%22Primary%20Seller%22%3Afalse%2C%22Secondary%20Seller%22%3Afalse%2C%22Geo%20Level%22%3A%22Country%22%2C%22Cutoff%22%3A%221%2C000%22%7D
6317,0,200,0.115387768,/reportingservice/api/teams/1800/cm/campaigns/travel%253Acomics%253Abranded/report.xls?&period=last7days&cutoff=1000&groups=%5Bcamp%3Apub%5D&sortIndex=totalImpressions&sortOrder=desc&tabs=%5Brisk%3Adevice%3Acountry%3Asites%5D&settings=%7B%22Selected%20Report%22%3A%22Risk%20Profile%2C%20Device%20Type%2C%20Geo%20Compliance%2C%20Top%20Blocked%20Sites%22%2C%22Period%22%3A%22Last%207%20Days%22%2C%22Group%20Dates%20By%22%3A%22Period%22%2C%22Report%20By%22%3A%22Campaign%22%2C%22Campaign%22%3A%22%25%25CAMPAIGN_NAMES%25%25%22%2C%22Primary%20Seller%22%3A%22All%22%2C%22Secondary%20Seller%22%3Afalse%2C%22Geo%20Level%22%3A%22Country%22%2C%22Cutoff%22%3A%221%2C000%22%7D
4077,0,200,15.348747538,/reportingservice/api/teams/1266/fw/campaigns/10185/report.xls?&period=yesterday&cutoff=250&groups=%5Bpub(965)%3Aplac%3Adaily%5D&siteGroups=%5Bpub(965)%5D&tabs=%5Bfirewall%3Adevice%3Acountry%3Asites%5D&settings=%7B%22Selected%20Report%22%3A%22%22%2C%22Period%22%3A%22Yesterday%22%2C%22Group%20Dates%20By%22%3A%22Day%22%2C%22Report%20By%22%3A%22Campaign%22%2C%22Campaign%22%3A%22Vonage%20US%20Q3%202013%20Digital%22%2C%22Media%20Partner%22%3A%22965%22%2C%22Placement%22%3A%22Yes%22%2C%22Geo%20Level%22%3A%22Country%22%2C%22Include%20Partner%20Info%22%3A%22Yes%22%2C%22Cutoff%22%3A%22250%22%7D
3933,0,200,15.44239247,/reportingservice/api/teams/1266/fw/campaigns/10185/report.xls?&period=yesterday&cutoff=250&groups=%5Bpub(7019)%3Adaily%5D&siteGroups=%5Bpub(7019)%5D&tabs=%5Bfirewall%3Adevice%3Adma%3Asites%5D
6754,0,200,0.10586468,/reportingservice/api/teams/1873/cm/campaigns/2927213/report.xls?&period=last7days&cutoff=1000&groups=%5Bpub%5D&sortIndex=totalImpressions&sortOrder=desc&tabs=%5Brsasites%3Aadlocation%3Aviewability3ms%3Acampaignviewability%5D&settings=%7B%22Selected%20Report%22%3A%22Most%20Suspicious%20Sites%2C%20Ad%20Location%2C%203MS%20Viewability%2C%20Campaign%20Viewability%2C%20Video%20Viewability%22%2C%22Period%22%3A%22Last%207%20Days%22%2C%22Group%20Dates%20By%22%3A%22Period%22%2C%22Report%20By%22%3A%22Campaign%22%2C%22Campaign%22%3A%22%25%25CAMPAIGN_NAMES%25%25%22%2C%22Primary%20Seller%22%3A%22All%22%2C%22Secondary%20Seller%22%3Afalse%2C%22Geo%20Level%22%3A%22Country%22%2C%22Cutoff%22%3A%221%2C000%22%7D
6616,0,200,0.175324995,/reportingservice/api/teams/1777/cm/campaigns/1286067486%253A1277957204%253A1258381826/report.xls?&period=last7days&cutoff=1000&groups=%5Bcamp%5D&sortIndex=totalImpressions&sortOrder=desc&tabs=%5Brisk%3Asites%3Aviewability3ms%3Acampaignviewability%5D&settings=%7B%22Selected%20Report%22%3A%22Risk%20Profile%2C%20Top%20Blocked%20Sites%2C%203MS%20Viewability%2C%20Campaign%20Viewability%22%2C%22Period%22%3A%22Last%207%20Days%22%2C%22Group%20Dates%20By%22%3A%22Period%22%2C%22Report%20By%22%3A%22Campaign%22%2C%22Campaign%22%3A%22%25%25CAMPAIGN_NAMES%25%25%22%2C%22Primary%20Seller%22%3Afalse%2C%22Secondary%20Seller%22%3Afalse%2C%22Geo%20Level%22%3A%22Country%22%2C%22Cutoff%22%3A%221%2C000%22%7D
6834,0,200,0.165561905,/reportingservice/api/teams/1945/cm/report.xls?&period=yesterday&cutoff=0&groups=%5Bpub%3Achan%3Aplac%3Adaily%5D&tabs=%5Bviewability3ms%3Acampaignviewability%5D&settings=%7B%22Selected%20Report%22%3A%223MS%20Viewability%2C%20Campaign%20Viewability%22%2C%22Period%22%3A%22Yesterday%22%2C%22Group%20Dates%20By%22%3A%22Day%22%2C%22Report%20By%22%3A%22Campaign%22%2C%22Campaign%22%3A%22%25%25CAMPAIGN_NAMES%25%25%22%2C%22Primary%20Seller%22%3A%22All%22%2C%22Ad%20Unit%22%3A%22Yes%22%2C%22Secondary%20Seller%22%3A%22all%22%2C%22Geo%20Level%22%3A%22Country%22%2C%22Cutoff%22%3A%220%22%7D
7023,0,200,0.132870045,/reportingservice/api/teams/1971/cm/campaigns/c19uztie%253Aawznt43/report.xls?&period=last30days&cutoff=1000&groups=%5Bcamp%5D&sortIndex=totalImpressions&sortOrder=desc&tabs=%5Bcampaignviewability%5D&settings=%7B%22Selected%20Report%22%3A%22Campaign%20Viewability%22%2C%22Period%22%3A%22Last%2030%20Days%22%2C%22Group%20Dates%20By%22%3A%22Period%22%2C%22Report%20By%22%3A%22Campaign%22%2C%22Campaign%22%3A%22%25%25CAMPAIGN_NAMES%25%25%22%2C%22Primary%20Seller%22%3Afalse%2C%22Secondary%20Seller%22%3Afalse%2C%22Geo%20Level%22%3A%22Country%22%2C%22Cutoff%22%3A%221%2C000%22%7D
5315,0,200,16.778013422,/reportingservice/api/teams/282/fw/campaigns/10987/report.xls?period=yesterday&cutoff=1000&mediaType=mixed&groups=%5Bcamp%3Apub%3Adaily%5D&siteGroups=%5Bpub%3Acamp%5D&tabs=%5Bfirewall%3Adevice%3Acountry%3Asites%3Acollisions%3Acollisionssites%3Aadlocation%3Aviewability3ms%3Acampaignviewability%5D&settings=%7B%22Selected%20Report%22%3A%22Firewall%20Activity%2C%20Device%20Type%2C%20Geo%20Compliance%2C%20Top%20Blocked%20Sites%2C%20Ad%20Collision%2C%20Most%20Colliding%20Sites%2C%20Ad%20Location%2C%203MS%20Viewability%2C%20Campaign%20Viewability%22%2C%22Period%22%3A%22Yesterday%22%2C%22Group%20Dates%20By%22%3A%22Day%22%2C%22Report%20By%22%3A%22Campaign%22%2C%22Campaign%22%3A%22%25%25CAMPAIGN_NAMES%25%25%22%2C%22Media%20Partner%22%3A%22All%22%2C%22Geo%20Level%22%3A%22Country%22%2C%22Include%20Partner%20Info%22%3A%22Yes%22%2C%22Cutoff%22%3A%221%2C000%22%7D
5764,1,200,16.004257399,/reportingservice/api/teams/195/fw/campaigns/12130/campaignsummary.xls?&period=last7days&cutoff=250&groups=%5Bcamp%3Apub%3Adaily%5D&tabs=%5Bfirewall%3Adevice%3Acountry%3Asites%5D&settings=%7B%22Selected%20Report%22%3A%22Firewall%20Activity%2C%20Device%20Type%2C%20Geo%20Compliance%2C%20Top%20Blocked%20Sites%22%2C%22Period%22%3A%22Last%207%20Days%22%2C%22Group%20Dates%20By%22%3A%22Day%22%2C%22Report%20By%22%3A%22Campaign%22%2C%22Campaign%22%3A%22%25%25CAMPAIGN_NAMES%25%25%22%2C%22Media%20Partner%22%3A%22All%22%2C%22Geo%20Level%22%3A%22Country%22%2C%22Cutoff%22%3A%22250%22%7D
5764,2,200,16.03675037,/reportingservice/api/teams/195/fw/campaigns/9957/campaignsummary.xls?&period=last7days&cutoff=250&groups=%5Bcamp%3Apub%3Adaily%5D&tabs=%5Bfirewall%3Adevice%3Acountry%3Asites%5D&settings=%7B%22Selected%20Report%22%3A%22Firewall%20Activity%2C%20Device%20Type%2C%20Geo%20Compliance%2C%20Top%20Blocked%20Sites%22%2C%22Period%22%3A%22Last%207%20Days%22%2C%22Group%20Dates%20By%22%3A%22Day%22%2C%22Report%20By%22%3A%22Campaign%22%2C%22Campaign%22%3A%22%25%25CAMPAIGN_NAMES%25%25%22%2C%22Media%20Partner%22%3A%22All%22%2C%22Geo%20Level%22%3A%22Country%22%2C%22Cutoff%22%3A%22250%22%7D
5764,0,200,16.164166825,/reportingservice/api/teams/195/fw/campaigns/5669/campaignsummary.xls?&period=last7days&cutoff=250&groups=%5Bcamp%3Apub%3Adaily%5D&tabs=%5Bfirewall%3Adevice%3Acountry%3Asites%5D&settings=%7B%22Selected%20Report%22%3A%22Firewall%20Activity%2C%20Device%20Type%2C%20Geo%20Compliance%2C%20Top%20Blocked%20Sites%22%2C%22Period%22%3A%22Last%207%20Days%22%2C%22Group%20Dates%20By%22%3A%22Day%22%2C%22Report%20By%22%3A%22Campaign%22%2C%22Campaign%22%3A%22%25%25CAMPAIGN_NAMES%25%25%22%2C%22Media%20Partner%22%3A%22All%22%2C%22Geo%20Level%22%3A%22Country%22%2C%22Cutoff%22%3A%22250%22%7D
5817,0,200,15.59946783,/reportingservice/api/teams/455/fw/campaigns/13686/campaignsummary.xls?period=last7days&cutoff=0&mediaType=mixed&groups=%5Bcamp%3Adaily%5D&tabs=%5Bfirewall%3Adevice%3Acountry%3Asites%3Arsa%3Arsasites%3Aadlocation%3Aviewability3ms%3Acampaignviewability%5D&settings=%7B%22Selected%20Report%22%3A%22Firewall%20Activity%2C%20Device%20Type%2C%20Geo%20Compliance%2C%20Top%20Blocked%20Sites%2C%20Suspicious%20Activity%2C%20Most%20Suspicious%20Sites%2C%20Ad%20Location%2C%203MS%20Viewability%2C%20Campaign%20Viewability%22%2C%22Period%22%3A%22Last%207%20Days%22%2C%22Group%20Dates%20By%22%3A%22Day%22%2C%22Report%20By%22%3A%22Campaign%22%2C%22Campaign%22%3A%22%25%25CAMPAIGN_NAMES%25%25%22%2C%22Media%20Partner%22%3Afalse%2C%22Geo%20Level%22%3A%22Country%22%2C%22Cutoff%22%3A%220%22%7D
6383,0,200,15.408397971,/reportingservice/api/teams/251/fw/campaigns/1424%253A8791/report.xls?&period=last7days&cutoff=250&groups=%5Bpub%3Aplac%3Adaily%5D&tabs=%5Btraq%3Atraqsites%3Avisibility%3Aaudience%3Afirewall%3Adevice%3Acountry%3Asites%3Acollisions%3Acollisionssites%3Arsa%3Arsasites%3Asad%3Asadsites%3Aclutter%3Acluttersites%3Acontext%3Aadlocation%3Aviewability3ms%3Acampaignviewability%5D&settings=%7B%22Selected%20Report%22%3A%22TRAQ%2C%20Lowest%20TRAQ%20Sites%2C%20See-through%20Rate%2C%20Audience%2C%20Firewall%20Activity%2C%20Device%20Type%2C%20Geo%20Compliance%2C%20Top%20Blocked%20Sites%2C%20Ad%20Collision%2C%20Most%20Colliding%20Sites%2C%20Suspicious%20Activity%2C%20Most%20Suspicious%20Sites%2C%20Suspicious%20Activity%20-%20Discontinued%2C%20Most%20Suspicious%20Sites%20-%20Discontinued%2C%20Clutter%2C%20Most%20Cluttered%20Sites%2C%20Contextual%20Analysis%2C%20Ad%20Location%2C%203MS%20Viewability%2C%20Campaign%20Viewability%22%2C%22Period%22%3A%22Last%207%20Days%22%2C%22Group%20Dates%20By%22%3A%22Day%22%2C%22Report%20By%22%3A%22Campaign%22%2C%22Campaign%22%3A%22%25%25CAMPAIGN_NAMES%25%25%22%2C%22Media%20Partner%22%3A%22All%22%2C%22Placement%22%3A%22Yes%22%2C%22Geo%20Level%22%3A%22Country%22%2C%22Cutoff%22%3A%22250%22%7D
7564,0,200,0.326984849,/reportingservice/api/teams/1910/cm/report.xls?&period=yesterday&cutoff=0&groups=%5Bpub%5D&sortIndex=totalImpressions&sortOrder=desc&tabs=%5Brsa%5D&settings=%7B%22Selected%20Report%22%3A%22Suspicious%20Activity%22%2C%22Period%22%3A%22Yesterday%22%2C%22Group%20Dates%20By%22%3A%22Period%22%2C%22Report%20By%22%3A%22Campaign%22%2C%22Campaign%22%3A%22%25%25CAMPAIGN_NAMES%25%25%22%2C%22Primary%20Seller%22%3A%22All%22%2C%22Secondary%20Seller%22%3Afalse%2C%22Geo%20Level%22%3A%22Country%22%2C%22Cutoff%22%3A%220%22%7D
6605,0,200,15.412467366,/reportingservice/api/teams/1040/fw/campaigns/13992/campaignsummary.xls?&period=last7days&cutoff=250&groups=%5Bcamp%3Apub%3Adaily%5D&tabs=%5Bfirewall%3Adevice%3Acountry%3Asites%3Acampaignviewability%5D&settings=%7B%22Selected%20Report%22%3A%22Firewall%20Activity%2C%20Device%20Type%2C%20Geo%20Compliance%2C%20Top%20Blocked%20Sites%2C%20Campaign%20Viewability%22%2C%22Period%22%3A%22Last%207%20Days%22%2C%22Group%20Dates%20By%22%3A%22Day%22%2C%22Report%20By%22%3A%22Campaign%22%2C%22Campaign%22%3A%22%25%25CAMPAIGN_NAMES%25%25%22%2C%22Media%20Partner%22%3A%22All%22%2C%22Geo%20Level%22%3A%22Country%22%2C%22Cutoff%22%3A%22250%22%7D
7909,0,200,0.129399596,/reportingservice/api/teams/1015/cm/campaigns/394347%253A394037/report.xls?&period=last7days&cutoff=1000&groups=%5Bpub%5D&sortIndex=totalImpressions&sortOrder=desc&tabs=%5Btraq%3Atraqsites%3Avisibility%3Arisk%3Adevice%3Acountry%3Asites%3Arsa%3Arsasites%3Aclutter%3Acluttersites%3Acontext%3Aadlocation%3Aviewability3ms%3Acampaignviewability%3Avideoviewability%5D&settings=%7B%22Selected%20Report%22%3A%22TRAQ%2C%20Lowest%20TRAQ%20Sites%2C%20See-through%20Rate%2C%20Risk%20Profile%2C%20Device%20Type%2C%20Geo%20Compliance%2C%20Top%20Blocked%20Sites%2C%20Suspicious%20Activity%2C%20Most%20Suspicious%20Sites%2C%20Clutter%2C%20Most%20Cluttered%20Sites%2C%20Contextual%20Analysis%2C%20Ad%20Location%2C%203MS%20Viewability%2C%20Campaign%20Viewability%2C%20Video%20Viewability%22%2C%22Period%22%3A%22Last%207%20Days%22%2C%22Group%20Dates%20By%22%3A%22Period%22%2C%22Report%20By%22%3A%22Campaign%22%2C%22Campaign%22%3A%22%25%25CAMPAIGN_NAMES%25%25%22%2C%22Primary%20Seller%22%3A%22All%22%2C%22Secondary%20Seller%22%3Afalse%2C%22Geo%20Level%22%3A%22Country%22%2C%22Cutoff%22%3A%221%2C000%22%7D
6513,0,200,15.482807702,/reportingservice/api/teams/30/fw/campaigns/59424/campaignsummary.xls?period=lastMonth&cutoff=250&mediaType=mixed&deliveryEnvironment=[desktop:mobileapp:mobileweb]&groups=%5Bcamp%5D&siteGroups=%5Bcamp%5D&tabs=%5Bvisibility%3Afirewall%3Adevice%3Acountry%3Asites%3Acollisions%3Acollisionssites%3Arsa%3Arsasites%3Aclutter%3Acluttersites%3Acontext%3Aadlocation%3Aviewability3ms%3Acampaignviewability%5D&settings=%7B%22Selected%20Report%22%3A%22See-through%20Rate%2C%20Firewall%20Activity%2C%20Device%20Type%2C%20Geo%20Compliance%2C%20Top%20Blocked%20Sites%2C%20Ad%20Collision%2C%20Most%20Colliding%20Sites%2C%20Suspicious%20Activity%2C%20Most%20Suspicious%20Sites%2C%20Clutter%2C%20Most%20Cluttered%20Sites%2C%20Contextual%20Analysis%2C%20Ad%20Location%2C%203MS%20Viewability%2C%20Campaign%20Viewability%22%2C%22Period%22%3A%22Last%20Month%22%2C%22Group%20Dates%20By%22%3A%22Period%22%2C%22Report%20By%22%3A%22Campaign%22%2C%22Campaign%22%3A%22%25%25CAMPAIGN_NAMES%25%25%22%2C%22Media%20Partner%22%3Afalse%2C%22Geo%20Level%22%3A%22Country%22%2C%22Cutoff%22%3A%22250%22%7D
8293,0,200,0.146053934,/reportingservice/api/teams/2175/cm/campaigns/Square_Inc_April_2014_1919621-nyt2%253AGOOGLE_ADX_ROS_DoubleVerify_7%253AGOOGLE_ADX_ROS_DoubleVerify_6%253AGOOGLE_ADX_ROS_DoubleVerify_5%253AGOOGLE_ADX_ROS_DoubleVerify_4%253AGOOGLE_ADX_ROS_DoubleVerify_3%253AGOOGLE_ADX_ROS_DoubleVerify_2%253AGOOGLE_ADX_ROS_DoubleVerify_1%253ACiti_SundayProgram_2014_1908698-nyt1%253ACiti_Advantage_Admirals_Club_Q2_2014_1926724-nyt1%253AAT_T_MBL_Q2_Announcements_2014_1924212U-nyt12%253AAT_T_MBL_Q2_Announcements_2014_1924212C-nyt12%253AAT_T_MBL_Q2_Announcements_2014_1924212A-nyt12/report.xls?&period=last7days&cutoff=250&groups=%5Bcamp%3Apub%3Adaily%5D&tabs=%5Bcampaignviewability%5D&settings=%7B%22Selected%20Report%22%3A%22Campaign%20Viewability%22%2C%22Period%22%3A%22Last%207%20Days%22%2C%22Group%20Dates%20By%22%3A%22Day%22%2C%22Report%20By%22%3A%22Campaign%22%2C%22Campaign%22%3A%22%25%25CAMPAIGN_NAMES%25%25%22%2C%22Primary%20Seller%22%3A%22All%22%2C%22Secondary%20Seller%22%3Afalse%2C%22Geo%20Level%22%3A%22Country%22%2C%22Cutoff%22%3A%22250%22%7D
8610,0,200,0.12358931,/reportingservice/api/teams/1574/cm/campaigns/1706486%253A1706485%253A1623083%253A1623082%253A1611869%253A1611868%253A1611867%253A1611865%253A1611863%253A1362836/report.xls?&period=last7days&cutoff=1000&mediaType=mixed&groups=%5Bcamp%3Apub%3Adaily%5D&sortIndex=hitDate&sortOrder=asc&tabs=%5Brisk%5D&settings=%7B%22Selected%20Report%22%3A%22Risk%20Profile%22%2C%22Period%22%3A%22Last%207%20Days%22%2C%22Group%20Dates%20By%22%3A%22Day%22%2C%22Report%20By%22%3A%22Campaign%22%2C%22Campaign%22%3A%22%25%25CAMPAIGN_NAMES%25%25%22%2C%22Primary%20Seller%22%3A%22All%22%2C%22Secondary%20Seller%22%3Afalse%2C%22Geo%20Level%22%3A%22Country%22%2C%22Cutoff%22%3A%221%2C000%22%7D
8296,0,200,0.235609125,/reportingservice/api/teams/8/cm/campaigns/753590%253A734291%253A576471%253A576455%253A576434%253A505959%253A498611%253A476625%253A438657%253A438656%253A380073%253A3529770%253A3529704%253A3507482%253A3454474%253A3454412%253A3454327%253A3450881%253A3418629%253A3418091%253A3418084%253A3418075%253A3407627%253A3407606%253A340678%253A3396851%253A3396842%253A3396733%253A3396624%253A3396620%253A3396618%253A3396553%253A3396534%253A3381270%253A3368837%253A3355541%253A3355533%253A3355482%253A3355400%253A3355268%253A3355267%253A3349570%253A3349413%253A3349151%253A3323644%253A3285582%253A3277932%253A3147798%253A3145211%253A3137606%253A3136125%253A3135875%253A3135865%253A3038300%253A302509%253A302508%253A2919654%253A2679229%253A2679222%253A2679220%253A2666516%253A2666515%253A2666505%253A2662398%253A2636206%253A2582203%253A2413901%253A2413900%253A2413899%253A2399898%253A2399897%253A2399895%253A2399892%253A2399890%253A2399888%253A2386695%253A2386694%253A2386693%253A2357709%253A2357701%253A2357694%253A2357681%253A2357674%253A2357673%253A2357671%253A2357669%253A2357668%253A2357666%253A2357665%253A2357663%253A2357662%253A2357659%253A2357656%253A2357653%253A1992612%253A173985%253A1714734%253A170570%253A170252%253A159991%253A1468953%253A1468642%253A127108%253A1187175%253A1184754/report.xls?&period=last7days&cutoff=1000&groups=%5Bpub%5D&sortIndex=totalImpressions&sortOrder=desc&tabs=%5Brsa%3Acampaignviewability%5D&settings=%7B%22Selected%20Report%22%3A%22Suspicious%20Activity%2C%20Campaign%20Viewability%22%2C%22Period%22%3A%22Last%207%20Days%22%2C%22Group%20Dates%20By%22%3A%22Period%22%2C%22Report%20By%22%3A%22Campaign%22%2C%22Campaign%22%3A%22%25%25CAMPAIGN_NAMES%25%25%22%2C%22Primary%20Seller%22%3A%22All%22%2C%22Secondary%20Seller%22%3Afalse%2C%22Geo%20Level%22%3A%22Country%22%2C%22Include%20Partner%20Info%22%3A%22Yes%22%2C%22Cutoff%22%3A%221%2C000%22%7D
9105,0,200,0.157073628,/reportingservice/api/teams/1113/cm/campaigns/976884433%253A1350363080%253A1334838472%253A1301099521%253A1290044104%253A1172162388/report.xls?&period=last7days&cutoff=1000&mediaType=mixed&groups=%5Bcamp%3Apub%5D&sortIndex=totalImpressions&sortOrder=desc&tabs=%5Brisk%3Adevice%3Acountry%3Asites%5D&settings=%7B%22Selected%20Report%22%3A%22Risk%20Profile%2C%20Device%20Type%2C%20Geo%20Compliance%2C%20Top%20Blocked%20Sites%22%2C%22Period%22%3A%22Last%207%20Days%22%2C%22Group%20Dates%20By%22%3A%22Period%22%2C%22Report%20By%22%3A%22Campaign%22%2C%22Campaign%22%3A%22%25%25CAMPAIGN_NAMES%25%25%22%2C%22Primary%20Seller%22%3A%22All%22%2C%22Secondary%20Seller%22%3Afalse%2C%22Geo%20Level%22%3A%22Country%22%2C%22Cutoff%22%3A%221%2C000%22%7D
9614,0,200,0.268604365,/reportingservice/api/teams/69/cm/campaigns/null%253ABulkBuy%253A9370852%253A9357129%253A9296477%253A9296466%253A9296388%253A9280022%253A9268483%253A9260922%253A9241086%253A9183831%253A9176275%253A9175879%253A9118523%253A9118391%253A9099833%253A9099771%253A9093311%253A9086073%253A9085099%253A9073878%253A8972812%253A8958646%253A8942694%253A8936365%253A8931630%253A8883632%253A8873948%253A8873374%253A8868057%253A8868041%253A8234023%253A8234019%253A8234015%253A8234009%253A8233984%253A8233928%253A8049113%253A7271348%253A7143013%253A7015986%253A6963622%253A6438363%253A6436351%253A6401664%253A6309797%253A6102432%253A6069195%253A5966339%253A5667868%253A5599982%253A5532324%253A5532255%253A5532198%253A5509248%253A5509242%253A5342689%253A5280266%253A5267261%253A5267165%253A5252320%253A5251467%253A5239863%253A5217358%253A5164543%253A5164458%253A5077899%253A5067919%253A5007266%253A4980009%253A491851%253A4871905%253A4672313%253A4545359%253A4500823%253A4463092%253A4433226%253A4408113%253A4408035%253A4407635%253A4402077%253A4371411%253A4368897%253A4298446%253A4298442%253A4298439%253A4286857%253A4245162%253A4244540%253A4244530%253A4181502%253A4181496%253A4181491%253A4181471%253A415216%253A3902592%253A3863844%253A3813215%253A3766745%253A3755453%253A3745476%253A3654348%253A3654347%253A3654346%253A365353%253A3642778%253A3235352%253A3235242%253A3232788%253A3185716%253A3163225%253A3100955%253A2161065%253A213572%253A2117494%253A2056683%253A1762942%253A143534%253A143533%253A143529%253A143525%253A143523%253A143518%253A143517%253A143506%253A143499%253A1340126%253A1340122%253A1340119%253A1339983/report.xls?&period=thisWeek&cutoff=1000&mediaType=mixed&groups=%5Bpub%5D&sortIndex=totalImpressions&sortOrder=desc&siteGroups=%5Bpub%3Achan%3Aplac%5D&tabs=%5Btraq%3Atraqsites%3Avisibility%3Arisk%3Adevice%3Acountry%3Asites%5D&settings=%7B%22Selected%20Report%22%3A%22TRAQ%2C%20Lowest%20TRAQ%20Sites%2C%20See-through%20Rate%2C%20Risk%20Profile%2C%20Device%20Type%2C%20Geo%20Compliance%2C%20Top%20Blocked%20Sites%22%2C%22Period%22%3A%22This%20Week%22%2C%22Group%20Dates%20By%22%3A%22Period%22%2C%22Report%20By%22%3A%22Campaign%22%2C%22Campaign%22%3A%22%25%25CAMPAIGN_NAMES%25%25%22%2C%22Primary%20Seller%22%3A%22All%22%2C%22Secondary%20Seller%22%3Afalse%2C%22Geo%20Level%22%3A%22Country%22%2C%22Include%20Partner%20Info%22%3A%22Yes%22%2C%22Cutoff%22%3A%221%2C000%22%7D
9615,0,200,0.239513003,/reportingservice/api/teams/69/cm/campaigns/null%253ABulkBuy%253A9370852%253A9357129%253A9296477%253A9296466%253A9296388%253A9280022%253A9268483%253A9260922%253A9241086%253A9183831%253A9176275%253A9175879%253A9118523%253A9118391%253A9099833%253A9099771%253A9093311%253A9086073%253A9085099%253A9073878%253A8972812%253A8958646%253A8942694%253A8936365%253A8931630%253A8883632%253A8873948%253A8873374%253A8868057%253A8868041%253A8234023%253A8234019%253A8234015%253A8234009%253A8233984%253A8233928%253A8049113%253A7271348%253A7143013%253A7015986%253A6963622%253A6438363%253A6436351%253A6401664%253A6309797%253A6102432%253A6069195%253A5966339%253A5667868%253A5599982%253A5532324%253A5532255%253A5532198%253A5509248%253A5509242%253A5342689%253A5280266%253A5267261%253A5267165%253A5252320%253A5251467%253A5239863%253A5217358%253A5164543%253A5164458%253A5077899%253A5067919%253A5007266%253A4980009%253A491851%253A4871905%253A4672313%253A4545359%253A4500823%253A4463092%253A4433226%253A4408113%253A4408035%253A4407635%253A4402077%253A4371411%253A4368897%253A4298446%253A4298442%253A4298439%253A4286857%253A4245162%253A4244540%253A4244530%253A4181502%253A4181496%253A4181491%253A4181471%253A415216%253A3902592%253A3863844%253A3813215%253A3766745%253A3755453%253A3745476%253A3654348%253A3654347%253A3654346%253A365353%253A3642778%253A3235352%253A3235242%253A3232788%253A3185716%253A3163225%253A3100955%253A2161065%253A213572%253A2117494%253A2056683%253A1762942%253A143534%253A143533%253A143529%253A143525%253A143523%253A143518%253A143517%253A143506%253A143499%253A1340126%253A1340122%253A1340119%253A1339983/report.xls?&period=thisWeek&cutoff=1000&mediaType=mixed&groups=%5Bpub%5D&sortIndex=totalImpressions&sortOrder=desc&siteGroups=%5Bpub%3Achan%3Aplac%5D&tabs=%5Btraq%3Atraqsites%3Avisibility%5D&settings=%7B%22Selected%20Report%22%3A%22TRAQ%2C%20Lowest%20TRAQ%20Sites%2C%20See-through%20Rate%22%2C%22Period%22%3A%22This%20Week%22%2C%22Group%20Dates%20By%22%3A%22Period%22%2C%22Report%20By%22%3A%22Campaign%22%2C%22Campaign%22%3A%22%25%25CAMPAIGN_NAMES%25%25%22%2C%22Primary%20Seller%22%3A%22All%22%2C%22Secondary%20Seller%22%3Afalse%2C%22Geo%20Level%22%3A%22Country%22%2C%22Include%20Partner%20Info%22%3A%22Yes%22%2C%22Cutoff%22%3A%221%2C000%22%7D
7343,0,200,16.087173055,/reportingservice/api/teams/1050/fw/campaigns/8817/report.xls?&period=yesterday&cutoff=0&groups=%5Bplac%3Adaily%5D&tabs=%5Bsites%5D&settings=%7B%22Selected%20Report%22%3A%22Top%20Blocked%20Sites%22%2C%22Period%22%3A%22Yesterday%22%2C%22Group%20Dates%20By%22%3A%22Day%22%2C%22Report%20By%22%3A%22Campaign%22%2C%22Campaign%22%3A%22%25%25CAMPAIGN_NAMES%25%25%22%2C%22Media%20Partner%22%3Afalse%2C%22Placement%22%3A%22Yes%22%2C%22Geo%20Level%22%3A%22Country%22%2C%22Cutoff%22%3A%220%22%7D
7572,0,200,3.780846526,/reportingservice/api/teams/1895/cm/report.xls?&period=last7days&cutoff=1000&mediaType=mixed&groups=%5Bpub%3Aplac%5D&sortIndex=totalImpressions&sortOrder=desc&siteGroups=%5Bpub%3Aplac%5D&tabs=%5Btraq%3Arsa%3Arsasites%3Aviewability3ms%5D&settings=%7B%22Selected%20Report%22%3A%22TRAQ%2C%20Suspicious%20Activity%2C%20Most%20Suspicious%20Sites%2C%203MS%20Viewability%22%2C%22Period%22%3A%22Last%207%20Days%22%2C%22Group%20Dates%20By%22%3A%22Period%22%2C%22Report%20By%22%3A%22Campaign%22%2C%22Campaign%22%3A%22%25%25CAMPAIGN_NAMES%25%25%22%2C%22Primary%20Seller%22%3A%22All%22%2C%22Ad%20Unit%22%3A%22Yes%22%2C%22Secondary%20Seller%22%3Afalse%2C%22Geo%20Level%22%3A%22Country%22%2C%22Include%20Partner%20Info%22%3A%22Yes%22%2C%22Cutoff%22%3A%221%2C000%22%7D
9706,0,200,0.16339761,/reportingservice/api/teams/2495/cm/campaigns/3547769%253A3547713/report.xls?&period=last7days&cutoff=1000&mediaType=mixed&groups=%5Bcamp%3Apub%3Adaily%5D&sortIndex=hitDate&sortOrder=asc&tabs=%5Badlocation%3Aviewability3ms%3Acampaignviewability%5D&settings=%7B%22Selected%20Report%22%3A%22Ad%20Location%2C%203MS%20Viewability%2C%20Campaign%20Viewability%22%2C%22Period%22%3A%22Last%207%20Days%22%2C%22Group%20Dates%20By%22%3A%22Day%22%2C%22Report%20By%22%3A%22Campaign%22%2C%22Campaign%22%3A%22%25%25CAMPAIGN_NAMES%25%25%22%2C%22Primary%20Seller%22%3A%22All%22%2C%22Secondary%20Seller%22%3Afalse%2C%22Geo%20Level%22%3A%22Country%22%2C%22Cutoff%22%3A%221%2C000%22%7D
9977,0,200,0.183582422,/reportingservice/api/teams/2467/cm/campaigns/3984631%253A3984590%253A3959908/report.xls?&period=yesterday&cutoff=0&groups=%5Bpub%3Adaily%5D&sortIndex=hitDate&sortOrder=asc&tabs=%5Brisk%3Adevice%3Acountry%3Asites%3Arsa%3Arsasites%3Asad%3Asadsites%5D&settings=%7B%22Selected%20Report%22%3A%22Risk%20Profile%2C%20Device%20Type%2C%20Geo%20Compliance%2C%20Top%20Blocked%20Sites%2C%20Suspicious%20Activity%2C%20Most%20Suspicious%20Sites%2C%20Suspicious%20Activity%20-%20Discontinued%2C%20Most%20Suspicious%20Sites%20-%20Discontinued%22%2C%22Period%22%3A%22Yesterday%22%2C%22Group%20Dates%20By%22%3A%22Day%22%2C%22Report%20By%22%3A%22Campaign%22%2C%22Campaign%22%3A%22%25%25CAMPAIGN_NAMES%25%25%22%2C%22Primary%20Seller%22%3A%22All%22%2C%22Secondary%20Seller%22%3Afalse%2C%22Geo%20Level%22%3A%22Country%22%2C%22Cutoff%22%3A%220%22%7D
9978,0,200,0.11726639,/reportingservice/api/teams/2467/cm/campaigns/3984631%253A3984590%253A3984589%253A3959911%253A3959908%253A3949370%253A3872845%253A3872844%253A3872840%253A3872839/report.xls?&period=last7days&cutoff=0&groups=%5Bcamp%3Apub%3Adaily%5D&sortIndex=hitDate&sortOrder=asc&tabs=%5Brisk%3Adevice%3Acountry%3Asites%3Arsa%3Arsasites%3Asad%3Asadsites%5D&settings=%7B%22Selected%20Report%22%3A%22Risk%20Profile%2C%20Device%20Type%2C%20Geo%20Compliance%2C%20Top%20Blocked%20Sites%2C%20Suspicious%20Activity%2C%20Most%20Suspicious%20Sites%2C%20Suspicious%20Activity%20-%20Discontinued%2C%20Most%20Suspicious%20Sites%20-%20Discontinued%22%2C%22Period%22%3A%22Last%207%20Days%22%2C%22Group%20Dates%20By%22%3A%22Day%22%2C%22Report%20By%22%3A%22Campaign%22%2C%22Campaign%22%3A%22%25%25CAMPAIGN_NAMES%25%25%22%2C%22Primary%20Seller%22%3A%22All%22%2C%22Secondary%20Seller%22%3Afalse%2C%22Geo%20Level%22%3A%22Country%22%2C%22Cutoff%22%3A%220%22%7D
10025,0,200,0.118305195,/reportingservice/api/teams/2493/cm/campaigns/pharma/report.xls?&period=last7days&cutoff=250&groups=%5Bcamp%3Adaily%5D&sortIndex=hitDate&sortOrder=asc&tabs=%5Brsa%3Arsasites%5D&settings=%7B%22Selected%20Report%22%3A%22Suspicious%20Activity%2C%20Most%20Suspicious%20Sites%22%2C%22Period%22%3A%22Last%207%20Days%22%2C%22Group%20Dates%20By%22%3A%22Day%22%2C%22Report%20By%22%3A%22Campaign%22%2C%22Campaign%22%3A%22%25%25CAMPAIGN_NAMES%25%25%22%2C%22Primary%20Seller%22%3Afalse%2C%22Secondary%20Seller%22%3Afalse%2C%22Geo%20Level%22%3A%22Country%22%2C%22Cutoff%22%3A%22250%22%7D
10199,0,200,0.09534996,/reportingservice/api/teams/2509/cm/campaigns/video%253Atest%253Ahome/report.xls?&period=yesterday&cutoff=0&groups=%5Bcamp%3Apub%3Adaily%5D&sortIndex=hitDate&sortOrder=asc&tabs=%5Btraq%3Arsa%3Arsasites%5D&settings=%7B%22Selected%20Report%22%3A%22TRAQ%2C%20Suspicious%20Activity%2C%20Most%20Suspicious%20Sites%22%2C%22Period%22%3A%22Yesterday%22%2C%22Group%20Dates%20By%22%3A%22Day%22%2C%22Report%20By%22%3A%22Campaign%22%2C%22Campaign%22%3A%22%25%25CAMPAIGN_NAMES%25%25%22%2C%22Primary%20Seller%22%3A%22All%22%2C%22Secondary%20Seller%22%3Afalse%2C%22Geo%20Level%22%3A%22Country%22%2C%22Cutoff%22%3A%220%22%7D
7464,0,200,15.338827183,/reportingservice/api/teams/187/fw/campaigns/14067%253A14066/report.xls?&period=yesterday&cutoff=0&groups=%5Bpub(2873)%5D&sortIndex=totalImpressions&sortOrder=desc&siteGroups=%5Bpub(2873)%5D&tabs=%5Bsites%5D&settings=%7B%22Selected%20Report%22%3A%22Top%20Blocked%20Sites%22%2C%22Period%22%3A%22Yesterday%22%2C%22Group%20Dates%20By%22%3A%22Period%22%2C%22Report%20By%22%3A%22Campaign%22%2C%22Campaign%22%3A%22%25%25CAMPAIGN_NAMES%25%25%22%2C%22Media%20Partner%22%3A%222873%22%2C%22Geo%20Level%22%3A%22Country%22%2C%22Include%20Partner%20Info%22%3A%22Yes%22%2C%22Cutoff%22%3A%220%22%7D
10240,0,200,0.083599386,/reportingservice/api/teams/2509/cm/campaigns/video%253Atest%253AIAS%253Ahome/report.xls?&period=yesterday&cutoff=0&groups=%5Bpub%3Adaily%5D&sortIndex=hitDate&sortOrder=asc&tabs=%5Btraq%3Arsa%5D&settings=%7B%22Selected%20Report%22%3A%22TRAQ%2C%20Suspicious%20Activity%22%2C%22Period%22%3A%22Yesterday%22%2C%22Group%20Dates%20By%22%3A%22Day%22%2C%22Report%20By%22%3A%22Campaign%22%2C%22Campaign%22%3A%22%25%25CAMPAIGN_NAMES%25%25%22%2C%22Primary%20Seller%22%3A%22All%22%2C%22Secondary%20Seller%22%3Afalse%2C%22Geo%20Level%22%3A%22Country%22%2C%22Cutoff%22%3A%220%22%7D
10279,0,200,0.13298968,/reportingservice/api/teams/2609/cm/campaigns/1811951%253A1802707%253A1787105%253A1787101%253A1787100%253A1781725/report.xls?&period=yesterday&cutoff=1000&groups=%5Bcamp%3Apub%3Aplac%3Adaily%5D&sortIndex=hitDate&sortOrder=asc&tabs=%5Brisk%3Adevice%3Acountry%3Asites%3Aadlocation%3Aviewability3ms%3Acampaignviewability%5D&settings=%7B%22Selected%20Report%22%3A%22Risk%20Profile%2C%20Device%20Type%2C%20Geo%20Compliance%2C%20Top%20Blocked%20Sites%2C%20Ad%20Location%2C%203MS%20Viewability%2C%20Campaign%20Viewability%22%2C%22Period%22%3A%22Yesterday%22%2C%22Group%20Dates%20By%22%3A%22Day%22%2C%22Report%20By%22%3A%22Campaign%22%2C%22Campaign%22%3A%22%25%25CAMPAIGN_NAMES%25%25%22%2C%22Primary%20Seller%22%3A%22All%22%2C%22Ad%20Unit%22%3A%22Yes%22%2C%22Secondary%20Seller%22%3Afalse%2C%22Geo%20Level%22%3A%22Country%22%2C%22Cutoff%22%3A%221%2C000%22%7D
10355,0,200,0.123971419,/reportingservice/api/teams/1910/cm/campaigns/tt/report.xls?&period=last7days&cutoff=0&groups=%5Bpub%5D&sortIndex=totalImpressions&sortOrder=desc&tabs=%5Brsa%5D&settings=%7B%22Selected%20Report%22%3A%22Suspicious%20Activity%22%2C%22Period%22%3A%22Last%207%20Days%22%2C%22Group%20Dates%20By%22%3A%22Period%22%2C%22Report%20By%22%3A%22Campaign%22%2C%22Campaign%22%3A%22%25%25CAMPAIGN_NAMES%25%25%22%2C%22Primary%20Seller%22%3A%22All%22%2C%22Secondary%20Seller%22%3Afalse%2C%22Geo%20Level%22%3A%22Country%22%2C%22Cutoff%22%3A%220%22%7D
10430,0,200,0.1358354,/reportingservice/api/teams/47/cm/campaigns/7589140%253A16973%253A16667%253A16349%253A16170%253A15837%253A15606%253A14845%253A14285%253A14025%253A13913%253A13897%253A12363/report.xls?&period=last7days&cutoff=0&groups=%5Bcamp%5D&sortIndex=totalImpressions&sortOrder=desc&tabs=%5Btraq%3Atraqsites%3Avisibility%3Arisk%3Adevice%3Acountry%3Asites%3Arsa%3Arsasites%3Aclutter%3Acluttersites%3Acontext%3Aadlocation%3Aviewability3ms%3Acampaignviewability%5D&settings=%7B%22Selected%20Report%22%3A%22TRAQ%2C%20Lowest%20TRAQ%20Sites%2C%20See-through%20Rate%2C%20Risk%20Profile%2C%20Device%20Type%2C%20Geo%20Compliance%2C%20Top%20Blocked%20Sites%2C%20Suspicious%20Activity%2C%20Most%20Suspicious%20Sites%2C%20Clutter%2C%20Most%20Cluttered%20Sites%2C%20Contextual%20Analysis%2C%20Ad%20Location%2C%203MS%20Viewability%2C%20Campaign%20Viewability%22%2C%22Period%22%3A%22Last%207%20Days%22%2C%22Group%20Dates%20By%22%3A%22Period%22%2C%22Report%20By%22%3A%22Campaign%22%2C%22Campaign%22%3A%22%25%25CAMPAIGN_NAMES%25%25%22%2C%22Primary%20Seller%22%3Afalse%2C%22Secondary%20Seller%22%3Afalse%2C%22Geo%20Level%22%3A%22Country%22%2C%22Cutoff%22%3A%220%22%7D
10511,0,200,0.156494238,/reportingservice/api/teams/2005/cm/campaigns/4141997%253A4141938/report.xls?&period=last7days&cutoff=1000&groups=%5Bpub%3Aweekly%5D&sortIndex=hitDate&sortOrder=asc&tabs=%5Badlocation%3Aviewability3ms%3Acampaignviewability%3Avideoviewability%5D&settings=%7B%22Selected%20Report%22%3A%22Ad%20Location%2C%203MS%20Viewability%2C%20Campaign%20Viewability%2C%20Video%20Viewability%22%2C%22Period%22%3A%22Last%207%20Days%22%2C%22Group%20Dates%20By%22%3A%22Week%22%2C%22Report%20By%22%3A%22Campaign%22%2C%22Campaign%22%3A%22%25%25CAMPAIGN_NAMES%25%25%22%2C%22Primary%20Seller%22%3A%22All%22%2C%22Secondary%20Seller%22%3Afalse%2C%22Geo%20Level%22%3A%22Country%22%2C%22Cutoff%22%3A%221%2C000%22%7D
10512,0,200,0.124818656,/reportingservice/api/teams/2005/cm/campaigns/4132075%253A4114857%253A4105136%253A4105133%253A4102618%253A4102587%253A4102538/report.xls?&period=last7days&cutoff=1000&groups=%5Bpub%3Aweekly%5D&sortIndex=hitDate&sortOrder=asc&tabs=%5Badlocation%3Aviewability3ms%3Acampaignviewability%3Avideoviewability%5D&settings=%7B%22Selected%20Report%22%3A%22Ad%20Location%2C%203MS%20Viewability%2C%20Campaign%20Viewability%2C%20Video%20Viewability%22%2C%22Period%22%3A%22Last%207%20Days%22%2C%22Group%20Dates%20By%22%3A%22Week%22%2C%22Report%20By%22%3A%22Campaign%22%2C%22Campaign%22%3A%22%25%25CAMPAIGN_NAMES%25%25%22%2C%22Primary%20Seller%22%3A%22All%22%2C%22Secondary%20Seller%22%3Afalse%2C%22Geo%20Level%22%3A%22Country%22%2C%22Cutoff%22%3A%221%2C000%22%7D
10513,0,200,0.138024008,/reportingservice/api/teams/2005/cm/campaigns/4129887/report.xls?&period=last7days&cutoff=1000&groups=%5Bpub%3Aweekly%5D&sortIndex=hitDate&sortOrder=asc&tabs=%5Badlocation%3Aviewability3ms%3Acampaignviewability%3Avideoviewability%5D&settings=%7B%22Selected%20Report%22%3A%22Ad%20Location%2C%203MS%20Viewability%2C%20Campaign%20Viewability%2C%20Video%20Viewability%22%2C%22Period%22%3A%22Last%207%20Days%22%2C%22Group%20Dates%20By%22%3A%22Week%22%2C%22Report%20By%22%3A%22Campaign%22%2C%22Campaign%22%3A%22%25%25CAMPAIGN_NAMES%25%25%22%2C%22Primary%20Seller%22%3A%22All%22%2C%22Secondary%20Seller%22%3Afalse%2C%22Geo%20Level%22%3A%22Country%22%2C%22Cutoff%22%3A%221%2C000%22%7D
10514,0,200,0.126742704,/reportingservice/api/teams/2005/cm/campaigns/4069392%253A3958343%253A3925602%253A3925597%253A3925588/report.xls?&period=last7days&cutoff=1000&groups=%5Bpub%3Aweekly%5D&sortIndex=hitDate&sortOrder=asc&tabs=%5Badlocation%3Aviewability3ms%3Acampaignviewability%3Avideoviewability%5D&settings=%7B%22Selected%20Report%22%3A%22Ad%20Location%2C%203MS%20Viewability%2C%20Campaign%20Viewability%2C%20Video%20Viewability%22%2C%22Period%22%3A%22Last%207%20Days%22%2C%22Group%20Dates%20By%22%3A%22Week%22%2C%22Report%20By%22%3A%22Campaign%22%2C%22Campaign%22%3A%22%25%25CAMPAIGN_NAMES%25%25%22%2C%22Primary%20Seller%22%3A%22All%22%2C%22Secondary%20Seller%22%3Afalse%2C%22Geo%20Level%22%3A%22Country%22%2C%22Cutoff%22%3A%221%2C000%22%7D
10550,0,200,0.132310142,/reportingservice/api/teams/2462/cm/report.xls?period=last7days&cutoff=0&groups=%5Bpub%3Aplac%5D&tabs=%5Brsa%3Aviewability3ms%5D&settings=%7B%22Selected%20Report%22%3A%22Suspicious%20Activity%2C%203MS%20Viewability%22%2C%22Period%22%3A%22Last%207%20Days%22%2C%22Group%20Dates%20By%22%3A%22Period%22%2C%22Report%20By%22%3A%22Campaign%22%2C%22Campaign%22%3A%22%25%25CAMPAIGN_NAMES%25%25%22%2C%22Primary%20Seller%22%3A%22All%22%2C%22Ad%20Unit%22%3A%22Yes%22%2C%22Secondary%20Seller%22%3Afalse%2C%22Geo%20Level%22%3A%22Country%22%2C%22Include%20Partner%20Info%22%3A%22Yes%22%2C%22Cutoff%22%3A%220%22%7D
10772,0,200,0.12384684,/reportingservice/api/teams/1430/cm/campaigns/sm%253Asem_mobile%253Asem2%253Asem%253Areferral%253Apm%253Aorganic%253Anull%253Afeed%253ADisplay%253Acmi%253Abanner%253A(not%2520set)%253A(none)/report.xls?&period=yesterday&cutoff=0&groups=%5Bcamp%3Apub%3Adaily%5D&sortIndex=hitDate&sortOrder=asc&siteGroups=%5Bcamp%5D&tabs=%5Brisk%3Adevice%3Acountry%3Asites%3Arsa%3Arsasites%3Aadlocation%3Aviewability3ms%3Acampaignviewability%3Avideoviewability%5D&settings=%7B%22Selected%20Report%22%3A%22Risk%20Profile%2C%20Device%20Type%2C%20Geo%20Compliance%2C%20Top%20Blocked%20Sites%2C%20Suspicious%20Activity%2C%20Most%20Suspicious%20Sites%2C%20Ad%20Location%2C%203MS%20Viewability%2C%20Campaign%20Viewability%2C%20Video%20Viewability%22%2C%22Period%22%3A%22Yesterday%22%2C%22Group%20Dates%20By%22%3A%22Day%22%2C%22Report%20By%22%3A%22Campaign%22%2C%22Campaign%22%3A%22%25%25CAMPAIGN_NAMES%25%25%22%2C%22Primary%20Seller%22%3A%22All%22%2C%22Secondary%20Seller%22%3Afalse%2C%22Geo%20Level%22%3A%22Country%22%2C%22Cutoff%22%3A%220%22%7D
11069,0,200,0.261705725,/reportingservice/api/teams/1737/cm/campaigns/null/report.xls?&period=last7days&cutoff=1000&groups=%5Bpub%5D&sortIndex=totalImpressions&sortOrder=desc&siteGroups=%5Bpub%3Achan%3Aplac%5D&tabs=%5Brsa%3Arsasites%5D&settings=%7B%22Selected%20Report%22%3A%22Suspicious%20Activity%2C%20Most%20Suspicious%20Sites%22%2C%22Period%22%3A%22Last%207%20Days%22%2C%22Group%20Dates%20By%22%3A%22Period%22%2C%22Report%20By%22%3A%22Campaign%22%2C%22Campaign%22%3A%22%25%25CAMPAIGN_NAMES%25%25%22%2C%22Primary%20Seller%22%3A%22All%22%2C%22Secondary%20Seller%22%3Afalse%2C%22Geo%20Level%22%3A%22Country%22%2C%22Include%20Partner%20Info%22%3A%22Yes%22%2C%22Cutoff%22%3A%221%2C000%22%7D
11225,0,200,0.135608495,/reportingservice/api/teams/2599/cm/campaigns/225395049/report.xls?&period=last7days&cutoff=1000&groups=%5Bpub%5D&sortIndex=totalImpressions&sortOrder=desc&tabs=%5Btraq%3Atraqsites%3Avisibility%3Arisk%3Adevice%3Acountry%3Asites%3Aadlocation%3Aviewability3ms%3Acampaignviewability%3Avideoviewability%5D&settings=%7B%22Selected%20Report%22%3A%22TRAQ%2C%20Lowest%20TRAQ%20Sites%2C%20See-through%20Rate%2C%20Risk%20Profile%2C%20Device%20Type%2C%20Geo%20Compliance%2C%20Top%20Blocked%20Sites%2C%20Ad%20Location%2C%203MS%20Viewability%2C%20Campaign%20Viewability%2C%20Video%20Viewability%22%2C%22Period%22%3A%22Last%207%20Days%22%2C%22Group%20Dates%20By%22%3A%22Period%22%2C%22Report%20By%22%3A%22Campaign%22%2C%22Campaign%22%3A%22%25%25CAMPAIGN_NAMES%25%25%22%2C%22Primary%20Seller%22%3A%22All%22%2C%22Secondary%20Seller%22%3Afalse%2C%22Geo%20Level%22%3A%22Country%22%2C%22Cutoff%22%3A%221%2C000%22%7D
11292,0,200,0.135342511,/reportingservice/api/teams/2701/cm/campaigns/4257247%253A4257244/report.xls?&period=yesterday&cutoff=1000&groups=%5Bcamp%3Apub%3Adaily%5D&sortIndex=hitDate&sortOrder=asc&tabs=%5Brisk%3Adevice%3Acountry%3Asites%3Arsa%3Arsasites%3Aadlocation%3Aviewability3ms%3Acampaignviewability%5D&settings=%7B%22Selected%20Report%22%3A%22Risk%20Profile%2C%20Device%20Type%2C%20Geo%20Compliance%2C%20Top%20Blocked%20Sites%2C%20Suspicious%20Activity%2C%20Most%20Suspicious%20Sites%2C%20Ad%20Location%2C%203MS%20Viewability%2C%20Campaign%20Viewability%22%2C%22Period%22%3A%22Yesterday%22%2C%22Group%20Dates%20By%22%3A%22Day%22%2C%22Report%20By%22%3A%22Campaign%22%2C%22Campaign%22%3A%22%25%25CAMPAIGN_NAMES%25%25%22%2C%22Primary%20Seller%22%3A%22All%22%2C%22Secondary%20Seller%22%3Afalse%2C%22Geo%20Level%22%3A%22Country%22%2C%22Cutoff%22%3A%221%2C000%22%7D
7584,0,200,13.73476344,/reportingservice/api/teams/30/fw/campaigns/15839/report.xls?&period=last7days&cutoff=250&groups=%5Bpub(3225)%5D&sortIndex=totalImpressions&sortOrder=desc&siteGroups=%5Bpub(3225)%5D&tabs=%5Bfirewall%3Adevice%3Acountry%3Asites%3Arsa%3Arsasites%3Acampaignviewability%5D&settings=%7B%22Selected%20Report%22%3A%22Firewall%20Activity%2C%20Device%20Type%2C%20Geo%20Compliance%2C%20Top%20Blocked%20Sites%2C%20Suspicious%20Activity%2C%20Most%20Suspicious%20Sites%2C%20Campaign%20Viewability%22%2C%22Period%22%3A%22Last%207%20Days%22%2C%22Group%20Dates%20By%22%3A%22Period%22%2C%22Report%20By%22%3A%22Campaign%22%2C%22Campaign%22%3A%22%25%25CAMPAIGN_NAMES%25%25%22%2C%22Media%20Partner%22%3A%223225%22%2C%22Geo%20Level%22%3A%22Country%22%2C%22Include%20Partner%20Info%22%3A%22Yes%22%2C%22Cutoff%22%3A%22250%22%7D
7944,0,200,13.629399743,/reportingservice/api/teams/1156/fw/campaigns/15705/campaignsummary.xls?&period=yesterday&cutoff=250&groups=%5Bcamp%3Apub%5D&sortIndex=totalImpressions&sortOrder=desc&tabs=%5Btraq%3Afirewall%3Adevice%3Acountry%3Asites%3Acollisions%3Acollisionssites%3Arsa%3Aclutter%3Acluttersites%3Aadlocation%3Aviewability3ms%3Acampaignviewability%3Avideoviewability%5D&settings=%7B%22Selected%20Report%22%3A%22TRAQ%2C%20Firewall%20Activity%2C%20Device%20Type%2C%20Geo%20Compliance%2C%20Top%20Blocked%20Sites%2C%20Ad%20Collision%2C%20Most%20Colliding%20Sites%2C%20Suspicious%20Activity%2C%20Clutter%2C%20Most%20Cluttered%20Sites%2C%20Ad%20Location%2C%203MS%20Viewability%2C%20Campaign%20Viewability%2C%20Video%20Viewability%22%2C%22Period%22%3A%22Yesterday%22%2C%22Group%20Dates%20By%22%3A%22Period%22%2C%22Report%20By%22%3A%22Publisher%22%2C%22Campaign%22%3A%22%25%25CAMPAIGN_NAMES%25%25%22%2C%22Media%20Partner%22%3A%22All%22%2C%22Geo%20Level%22%3A%22Country%22%2C%22Cutoff%22%3A%22250%22%7D
9316,0,200,13.359249587,/reportingservice/api/teams/251/fw/campaigns/8791%253A1424/report.xls?&period=yesterday&cutoff=0&mediaType=mixed&groups=%5Bpub%5D&sortIndex=totalImpressions&sortOrder=desc&tabs=%5Bfirewall%5D&settings=%7B%22Selected%20Report%22%3A%22Firewall%20Activity%22%2C%22Period%22%3A%22Yesterday%22%2C%22Group%20Dates%20By%22%3A%22Period%22%2C%22Report%20By%22%3A%22Campaign%22%2C%22Campaign%22%3A%22%25%25CAMPAIGN_NAMES%25%25%22%2C%22Media%20Partner%22%3A%22All%22%2C%22Geo%20Level%22%3A%22Country%22%2C%22Cutoff%22%3A%220%22%7D
9646,0,200,13.042067307,/reportingservice/api/teams/2105/fw/campaigns/17092/report.xls?period=last7days&cutoff=250&mediaType=mixed&deliveryEnvironment=[desktop:mobileapp:mobileweb]&groups=%5Bcamp%3Apub(1986)%3Aplac%5D&siteGroups=%5Bpub(1986)%3Acamp%5D&tabs=%5Btraq%3Atraqsites%3Avisibility%3Afirewall%3Adevice%3Acountry%3Asites%3Acollisions%3Acollisionssites%3Arsa%3Arsasites%3Asad%3Asadsites%3Aclutter%3Acluttersites%3Acontext%3Aadlocation%3Aviewability3ms%3Acampaignviewability%3Avideoviewability%5D&settings=%7B%22Selected%20Report%22%3A%22TRAQ%2C%20Lowest%20TRAQ%20Sites%2C%20See-through%20Rate%2C%20Firewall%20Activity%2C%20Device%20Type%2C%20Geo%20Compliance%2C%20Top%20Blocked%20Sites%2C%20Ad%20Collision%2C%20Most%20Colliding%20Sites%2C%20Suspicious%20Activity%2C%20Most%20Suspicious%20Sites%2C%20Clutter%2C%20Most%20Cluttered%20Sites%2C%20Contextual%20Analysis%2C%20Ad%20Location%2C%203MS%20Viewability%2C%20Campaign%20Viewability%2C%20Video%20Viewability%22%2C%22Period%22%3A%22Last%207%20Days%22%2C%22Group%20Dates%20By%22%3A%22Period%22%2C%22Report%20By%22%3A%22Campaign%22%2C%22Campaign%22%3A%22%25%25CAMPAIGN_NAMES%25%25%22%2C%22Media%20Partner%22%3A%221986%22%2C%22Placement%22%3A%22Yes%22%2C%22Geo%20Level%22%3A%22Country%22%2C%22Include%20Partner%20Info%22%3A%22Yes%22%2C%22Cutoff%22%3A%22250%22%7D
8301,0,200,13.549138643,/reportingservice/api/teams/30/fw/campaigns/39969/report.xls?period=last30days&cutoff=250&mediaType=mixed&deliveryEnvironment=[desktop]&groups=%5Bpub(7253)%3Aplac%5D&siteGroups=%5Bpub(7253)%5D&tabs=%5Bfirewall%3Adevice%3Acountry%3Asites%3Acollisions%3Acollisionssites%3Arsa%3Arsasites%3Aclutter%3Acluttersites%3Acontext%3Aadlocation%3Aviewability3ms%3Acampaignviewability%5D&settings=%7B%22Selected%20Report%22%3A%22Firewall%20Activity%2C%20Device%20Type%2C%20Geo%20Compliance%2C%20Top%20Blocked%20Sites%2C%20Ad%20Collision%2C%20Most%20Colliding%20Sites%2C%20Suspicious%20Activity%2C%20Most%20Suspicious%20Sites%2C%20Clutter%2C%20Most%20Cluttered%20Sites%2C%20Contextual%20Analysis%2C%20Ad%20Location%2C%203MS%20Viewability%2C%20Campaign%20Viewability%22%2C%22Period%22%3A%22Last%2030%20Days%22%2C%22Group%20Dates%20By%22%3A%22Period%22%2C%22Report%20By%22%3A%22Campaign%22%2C%22Campaign%22%3A%22%25%25CAMPAIGN_NAMES%25%25%22%2C%22Media%20Partner%22%3A%227253%22%2C%22Placement%22%3A%22Yes%22%2C%22Geo%20Level%22%3A%22Country%22%2C%22Include%20Partner%20Info%22%3A%22Yes%22%2C%22Cutoff%22%3A%22250%22%7D
9647,0,200,13.039088547,/reportingservice/api/teams/2105/fw/campaigns/17092/campaignsummary.xls?&period=thisMonth&cutoff=250&mediaType=mixed&groups=%5Bcamp%5D&sortIndex=totalImpressions&sortOrder=desc&tabs=%5Btraq%3Atraqsites%3Avisibility%3Afirewall%3Adevice%3Acountry%3Asites%3Acollisions%3Acollisionssites%3Arsa%3Arsasites%3Asad%3Asadsites%3Aclutter%3Acluttersites%3Acontext%3Aadlocation%3Aviewability3ms%3Acampaignviewability%3Avideoviewability%5D&settings=%7B%22Selected%20Report%22%3A%22TRAQ%2C%20Lowest%20TRAQ%20Sites%2C%20See-through%20Rate%2C%20Firewall%20Activity%2C%20Device%20Type%2C%20Geo%20Compliance%2C%20Top%20Blocked%20Sites%2C%20Ad%20Collision%2C%20Most%20Colliding%20Sites%2C%20Suspicious%20Activity%2C%20Most%20Suspicious%20Sites%2C%20Suspicious%20Activity%20-%20Discontinued%2C%20Most%20Suspicious%20Sites%20-%20Discontinued%2C%20Clutter%2C%20Most%20Cluttered%20Sites%2C%20Contextual%20Analysis%2C%20Ad%20Location%2C%203MS%20Viewability%2C%20Campaign%20Viewability%2C%20Video%20Viewability%22%2C%22Period%22%3A%22This%20Month%22%2C%22Group%20Dates%20By%22%3A%22Period%22%2C%22Report%20By%22%3A%22Campaign%22%2C%22Campaign%22%3A%22%25%25CAMPAIGN_NAMES%25%25%22%2C%22Media%20Partner%22%3Afalse%2C%22Geo%20Level%22%3A%22Country%22%2C%22Cutoff%22%3A%22250%22%7D
11576,0,200,1.538182264,/reportingservice/api/teams/2656/cm/campaigns/4325347/report.xls?&period=yesterday&cutoff=1000&groups=%5Bpub%3Adaily%5D&sortIndex=hitDate&sortOrder=asc&tabs=%5Brisk%3Adevice%3Acountry%3Asites%3Arsa%3Arsasites%3Aadlocation%3Aviewability3ms%3Acampaignviewability%5D&settings=%7B%22Selected%20Report%22%3A%22Risk%20Profile%2C%20Device%20Type%2C%20Geo%20Compliance%2C%20Top%20Blocked%20Sites%2C%20Suspicious%20Activity%2C%20Most%20Suspicious%20Sites%2C%20Ad%20Location%2C%203MS%20Viewability%2C%20Campaign%20Viewability%22%2C%22Period%22%3A%22Yesterday%22%2C%22Group%20Dates%20By%22%3A%22Day%22%2C%22Report%20By%22%3A%22Campaign%22%2C%22Campaign%22%3A%22%25%25CAMPAIGN_NAMES%25%25%22%2C%22Primary%20Seller%22%3A%22All%22%2C%22Secondary%20Seller%22%3Afalse%2C%22Geo%20Level%22%3A%22Country%22%2C%22Cutoff%22%3A%221%2C000%22%7D
11737,0,200,1.581588028,/reportingservice/api/teams/2596/cm/campaigns/1749891/report.xls?&period=last7days&cutoff=0&groups=%5Bcamp%3Apub%5D&sortIndex=totalImpressions&sortOrder=desc&tabs=%5Bcampaignviewability%5D&settings=%7B%22Selected%20Report%22%3A%22Campaign%20Viewability%22%2C%22Period%22%3A%22Last%207%20Days%22%2C%22Group%20Dates%20By%22%3A%22Period%22%2C%22Report%20By%22%3A%22Campaign%22%2C%22Campaign%22%3A%22%25%25CAMPAIGN_NAMES%25%25%22%2C%22Primary%20Seller%22%3A%22All%22%2C%22Secondary%20Seller%22%3Afalse%2C%22Geo%20Level%22%3A%22Country%22%2C%22Cutoff%22%3A%220%22%7D
11875,0,200,1.584357555,/reportingservice/api/teams/2570/cm/campaigns/2Blu/report.xls?&period=yesterday&cutoff=1000&groups=%5Bcamp%3Adaily%5D&sortIndex=hitDate&sortOrder=asc&tabs=%5Btraq%3Arisk%3Asad%3Aadlocation%3Acampaignviewability%5D&settings=%7B%22Selected%20Report%22%3A%22TRAQ%2C%20Risk%20Profile%2C%20Suspicious%20Activity%20-%20Discontinued%2C%20Ad%20Location%2C%20Campaign%20Viewability%22%2C%22Period%22%3A%22Yesterday%22%2C%22Group%20Dates%20By%22%3A%22Day%22%2C%22Report%20By%22%3A%22Campaign%22%2C%22Campaign%22%3A%22%25%25CAMPAIGN_NAMES%25%25%22%2C%22Primary%20Seller%22%3Afalse%2C%22Secondary%20Seller%22%3Afalse%2C%22Geo%20Level%22%3A%22Country%22%2C%22Cutoff%22%3A%221%2C000%22%7D
11555,0,200,1.621808994,/reportingservice/api/teams/2651/cm/campaigns/null%253A99917969834059%253A99501557974144%253A99177905241958%253A99089873130433%253A97012867489829%253A95729963229969%253A95691493060439%253A95168351409956%253A94610957489348%253A89191753370687%253A88340687821619%253A85214697811752%253A84853092492558%253A83622223925776%253A81273064217530%253A81169635136611%253A80187889053486%253A77658329457044%253A75353166819550%253A74128440888598%253A71852092258632%253A69315185630694%253A67685532011091%253A67629148960113%253A65168507299385%253A64888764759525%253A63083363040350%253A62696887399069%253A62448871326632%253A61184709924273%253A59965948974713%253A59540913728997%253A58269779798574%253A57818029290065%253A52186708245426%253A49661676636897%253A48671801909804%253A46318781329318%253A45490331370383%253A45395411932840%253A45120295616798%253A42163918404839%253A40777981905266%253A38509584935382%253A36135814911685%253A36027407147921%253A34271745150908%253A33074329304508%253A30711354333907%253A30555382790043%253A30068836403079%253A28935415758751%253A27579988548532%253A24915063478983%253A23712549004703%253A22657815488055%253A19743249556049%253A17652998664416%253A17177476575598%253A11921857073903/report.xls?&period=yesterday&cutoff=0&groups=%5Bpub%5D&sortIndex=totalImpressions&sortOrder=desc&tabs=%5Btraq%5D&settings=%7B%22Selected%20Report%22%3A%22TRAQ%22%2C%22Period%22%3A%22Yesterday%22%2C%22Group%20Dates%20By%22%3A%22Period%22%2C%22Report%20By%22%3A%22Campaign%22%2C%22Campaign%22%3A%22%25%25CAMPAIGN_NAMES%25%25%22%2C%22Primary%20Seller%22%3A%22All%22%2C%22Secondary%20Seller%22%3Afalse%2C%22Geo%20Level%22%3A%22Country%22%2C%22Cutoff%22%3A%220%22%7D
11876,0,200,1.583244338,/reportingservice/api/teams/2570/cm/campaigns/Yv9f%253AYv9a%253Aybcm%253Aybac%253Avidw%253AToKm%253Atlva%253Atlex%253Asupt%253Asupi%253Aqats%253APc2e%253Anoco%253Aniwi%253Aniw2%253AmM2w%253AKby2%253Ainwi%253Afsmw%253Afiqm%253Admma%253Admgj%253Adifu%253Acmci%253Acamp%253Abrwi%253Abrte%253Abrii%253Abadg%253Aanyt%253Aanys%253Aanyc%253Aacsp%253Aachp%253Aacbp%253Aacat%253A2Blu/report.xls?&period=yesterday&cutoff=1000&groups=%5Bcamp%3Apub%3Adaily%5D&sortIndex=hitDate&sortOrder=asc&siteGroups=%5Bpub%3Aplac%5D&tabs=%5Btraq%3Arisk%3Asites%3Arsa%3Aadlocation%3Acampaignviewability%5D&settings=%7B%22Selected%20Report%22%3A%22TRAQ%2C%20Risk%20Profile%2C%20Top%20Blocked%20Sites%2C%20Suspicious%20Activity%2C%20Ad%20Location%2C%20Campaign%20Viewability%22%2C%22Period%22%3A%22Yesterday%22%2C%22Group%20Dates%20By%22%3A%22Day%22%2C%22Report%20By%22%3A%22Campaign%22%2C%22Campaign%22%3A%22%25%25CAMPAIGN_NAMES%25%25%22%2C%22Primary%20Seller%22%3A%22All%22%2C%22Secondary%20Seller%22%3Afalse%2C%22Geo%20Level%22%3A%22Country%22%2C%22Include%20Partner%20Info%22%3A%22Yes%22%2C%22Cutoff%22%3A%221%2C000%22%7D
11917,0,200,0.178555632,/reportingservice/api/teams/2716/cm/campaigns/4518553%253A4518320/report.xls?&period=last7days&cutoff=0&groups=%5Bcamp%3Apub%3Adaily%5D&sortIndex=hitDate&sortOrder=asc&siteGroups=%5Bcamp%5D&tabs=%5Brisk%3Adevice%3Acountry%3Asites%5D&settings=%7B%22Selected%20Report%22%3A%22Risk%20Profile%2C%20Device%20Type%2C%20Geo%20Compliance%2C%20Top%20Blocked%20Sites%22%2C%22Period%22%3A%22Last%207%20Days%22%2C%22Group%20Dates%20By%22%3A%22Day%22%2C%22Report%20By%22%3A%22Campaign%22%2C%22Campaign%22%3A%22%25%25CAMPAIGN_NAMES%25%25%22%2C%22Primary%20Seller%22%3A%22All%22%2C%22Secondary%20Seller%22%3Afalse%2C%22Geo%20Level%22%3A%22Country%22%2C%22Cutoff%22%3A%220%22%7D
11899,0,200,0.265704467,/reportingservice/api/teams/990/cm/campaigns/4153732%253A4153727%253A3724659%253A3714296%253A3578456%253A3578380%253A3121430%253A3021594%253A3021593%253A3021328%253A3021288%253A3021281%253A3021279/report.xls?&period=last7days&cutoff=0&groups=%5Bcamp%3Apub%3Adaily%5D&sortIndex=hitDate&sortOrder=asc&tabs=%5Brisk%3Arsa%3Arsasites%3Asad%3Asadsites%3Aadlocation%3Aviewability3ms%3Acampaignviewability%3Avideoviewability%5D&settings=%7B%22Selected%20Report%22%3A%22Risk%20Profile%2C%20Suspicious%20Activity%2C%20Most%20Suspicious%20Sites%2C%20Suspicious%20Activity%20-%20Discontinued%2C%20Most%20Suspicious%20Sites%20-%20Discontinued%2C%20Ad%20Location%2C%203MS%20Viewability%2C%20Campaign%20Viewability%2C%20Video%20Viewability%22%2C%22Period%22%3A%22Last%207%20Days%22%2C%22Group%20Dates%20By%22%3A%22Day%22%2C%22Report%20By%22%3A%22Campaign%22%2C%22Campaign%22%3A%22%25%25CAMPAIGN_NAMES%25%25%22%2C%22Primary%20Seller%22%3A%22All%22%2C%22Secondary%20Seller%22%3Afalse%2C%22Geo%20Level%22%3A%22Country%22%2C%22Cutoff%22%3A%220%22%7D
12148,0,200,0.221450269,/reportingservice/api/teams/2150/cm/campaigns/8115707/report.xls?&period=last30days&cutoff=250&groups=%5Bpub%5D&sortIndex=totalImpressions&sortOrder=desc&tabs=%5Bcampaignviewability%5D&settings=%7B%22Selected%20Report%22%3A%22Campaign%20Viewability%22%2C%22Period%22%3A%22Last%2030%20Days%22%2C%22Group%20Dates%20By%22%3A%22Period%22%2C%22Report%20By%22%3A%22Campaign%22%2C%22Campaign%22%3A%22%25%25CAMPAIGN_NAMES%25%25%22%2C%22Primary%20Seller%22%3A%22All%22%2C%22Secondary%20Seller%22%3Afalse%2C%22Geo%20Level%22%3A%22Country%22%2C%22Cutoff%22%3A%22250%22%7D
12253,0,200,0.224529624,/reportingservice/api/teams/1871/cm/campaigns/3896532%253A3896477%253A3896353/report.xls?&period=last7days&cutoff=1000&groups=%5Bcamp%3Adaily%5D&sortIndex=hitDate&sortOrder=asc&tabs=%5Badlocation%3Aviewability3ms%3Acampaignviewability%5D&settings=%7B%22Selected%20Report%22%3A%22Ad%20Location%2C%203MS%20Viewability%2C%20Campaign%20Viewability%22%2C%22Period%22%3A%22Last%207%20Days%22%2C%22Group%20Dates%20By%22%3A%22Day%22%2C%22Report%20By%22%3A%22Campaign%22%2C%22Campaign%22%3A%22%25%25CAMPAIGN_NAMES%25%25%22%2C%22Primary%20Seller%22%3Afalse%2C%22Secondary%20Seller%22%3Afalse%2C%22Geo%20Level%22%3A%22Country%22%2C%22Cutoff%22%3A%221%2C000%22%7D
12036,0,200,0.238500645,/reportingservice/api/teams/2647/cm/campaigns/1406750261/report.xls?&period=last30days&cutoff=0&groups=%5Bpub%3Adaily%5D&sortIndex=hitDate&sortOrder=asc&tabs=%5Bcampaignviewability%5D&settings=%7B%22Selected%20Report%22%3A%22Campaign%20Viewability%22%2C%22Period%22%3A%22Last%2030%20Days%22%2C%22Group%20Dates%20By%22%3A%22Day%22%2C%22Report%20By%22%3A%22Campaign%22%2C%22Campaign%22%3A%22%25%25CAMPAIGN_NAMES%25%25%22%2C%22Primary%20Seller%22%3A%22All%22%2C%22Secondary%20Seller%22%3Afalse%2C%22Geo%20Level%22%3A%22Country%22%2C%22Include%20Partner%20Info%22%3A%22Yes%22%2C%22Cutoff%22%3A%220%22%7D
12254,0,200,0.140886958,/reportingservice/api/teams/1871/cm/campaigns/3905227%253A3905201%253A3905091/report.xls?&period=last7days&cutoff=1000&groups=%5Bcamp%3Adaily%5D&sortIndex=hitDate&sortOrder=asc&tabs=%5Badlocation%3Aviewability3ms%3Acampaignviewability%5D&settings=%7B%22Selected%20Report%22%3A%22Ad%20Location%2C%203MS%20Viewability%2C%20Campaign%20Viewability%22%2C%22Period%22%3A%22Last%207%20Days%22%2C%22Group%20Dates%20By%22%3A%22Day%22%2C%22Report%20By%22%3A%22Campaign%22%2C%22Campaign%22%3A%22%25%25CAMPAIGN_NAMES%25%25%22%2C%22Primary%20Seller%22%3Afalse%2C%22Secondary%20Seller%22%3Afalse%2C%22Geo%20Level%22%3A%22Country%22%2C%22Cutoff%22%3A%221%2C000%22%7D
12400,0,200,0.154284639,/reportingservice/api/teams/2756/cm/campaigns/4335843%253A4335835%253A4335830%253A4335819%253A4335818/report.xls?&period=last7days&cutoff=1000&groups=%5Bcamp%3Apub%3Aplac%5D&sortIndex=totalImpressions&sortOrder=desc&siteGroups=%5Bcamp%5D&tabs=%5Bsites%3Aadlocation%3Acampaignviewability%5D&settings=%7B%22Selected%20Report%22%3A%22Top%20Blocked%20Sites%2C%20Ad%20Location%2C%20Campaign%20Viewability%22%2C%22Period%22%3A%22Last%207%20Days%22%2C%22Group%20Dates%20By%22%3A%22Period%22%2C%22Report%20By%22%3A%22Campaign%22%2C%22Campaign%22%3A%22%25%25CAMPAIGN_NAMES%25%25%22%2C%22Primary%20Seller%22%3A%22All%22%2C%22Ad%20Unit%22%3A%22Yes%22%2C%22Secondary%20Seller%22%3Afalse%2C%22Geo%20Level%22%3A%22Country%22%2C%22Cutoff%22%3A%221%2C000%22%7D
12401,0,200,0.201097391,/reportingservice/api/teams/1430/cm/campaigns/null/report.xls?&period=last7days&cutoff=250&groups=%5Bcamp%3Apub%3Adaily%5D&sortIndex=hitDate&sortOrder=asc&siteGroups=%5Bcamp%5D&tabs=%5Brisk%3Adevice%3Acountry%3Asites%3Arsa%3Avideoviewability%5D&settings=%7B%22Selected%20Report%22%3A%22Risk%20Profile%2C%20Device%20Type%2C%20Geo%20Compliance%2C%20Top%20Blocked%20Sites%2C%20Suspicious%20Activity%2C%20Video%20Viewability%22%2C%22Period%22%3A%22Last%207%20Days%22%2C%22Group%20Dates%20By%22%3A%22Day%22%2C%22Report%20By%22%3A%22Campaign%22%2C%22Campaign%22%3A%22%25%25CAMPAIGN_NAMES%25%25%22%2C%22Primary%20Seller%22%3A%22All%22%2C%22Secondary%20Seller%22%3Afalse%2C%22Geo%20Level%22%3A%22Country%22%2C%22Cutoff%22%3A%22250%22%7D
10057,0,200,11.81627014,/reportingservice/api/teams/455/fw/campaigns/17061/report.xls?period=last7days&cutoff=250&mediaType=mixed&groups=%5Bpub%5D&tabs=%5Bfirewall%3Adevice%3Acountry%3Asites%3Arsa%3Arsasites%3Aadlocation%3Aviewability3ms%3Acampaignviewability%5D&settings=%7B%22Selected%20Report%22%3A%22Firewall%20Activity%2C%20Device%20Type%2C%20Geo%20Compliance%2C%20Top%20Blocked%20Sites%2C%20Suspicious%20Activity%2C%20Most%20Suspicious%20Sites%2C%20Ad%20Location%2C%203MS%20Viewability%2C%20Campaign%20Viewability%22%2C%22Period%22%3A%22Last%207%20Days%22%2C%22Group%20Dates%20By%22%3A%22Period%22%2C%22Report%20By%22%3A%22Campaign%22%2C%22Campaign%22%3A%22%25%25CAMPAIGN_NAMES%25%25%22%2C%22Media%20Partner%22%3A%22All%22%2C%22Geo%20Level%22%3A%22Country%22%2C%22Cutoff%22%3A%22250%22%7D
12572,0,200,0.173362374,/reportingservice/api/teams/2600/cm/campaigns/4293151%253A4278744%253A4154882%253A4093290%253A4093242%253A4081234%253A4081161%253A4081047%253A3724942%253A3724938%253A3181033%253A3180996%253A3180601%253A3180571%253A3111108%253A3111022%253A3080806%253A3080802%253A3080603%253A3021125/report.xls?&period=yesterday&cutoff=1000&groups=%5Bcamp%3Apub%5D&sortIndex=totalImpressions&sortOrder=desc&tabs=%5Bcampaignviewability%5D&settings=%7B%22Selected%20Report%22%3A%22Campaign%20Viewability%22%2C%22Period%22%3A%22Yesterday%22%2C%22Group%20Dates%20By%22%3A%22Period%22%2C%22Report%20By%22%3A%22Campaign%22%2C%22Campaign%22%3A%22%25%25CAMPAIGN_NAMES%25%25%22%2C%22Primary%20Seller%22%3A%22All%22%2C%22Secondary%20Seller%22%3Afalse%2C%22Geo%20Level%22%3A%22Country%22%2C%22Cutoff%22%3A%221%2C000%22%7D
12399,0,200,0.30615628,/reportingservice/api/teams/2799/cm/campaigns/nonhuman/report.xls?period=yesterday&cutoff=0&groups=%5Bpub%3Adaily%5D&tabs=%5Brisk%3Adevice%3Acountry%3Asites%3Arsa%3Arsasites%3Aadlocation%3Aviewability3ms%3Acampaignviewability%5D&settings=%7B%22Selected%20Report%22%3A%22Risk%20Profile%2C%20Device%20Type%2C%20Geo%20Compliance%2C%20Top%20Blocked%20Sites%2C%20Suspicious%20Activity%2C%20Most%20Suspicious%20Sites%2C%20Ad%20Location%2C%203MS%20Viewability%2C%20Campaign%20Viewability%22%2C%22Period%22%3A%22Yesterday%22%2C%22Group%20Dates%20By%22%3A%22Day%22%2C%22Report%20By%22%3A%22Campaign%22%2C%22Campaign%22%3A%22%25%25CAMPAIGN_NAMES%25%25%22%2C%22Primary%20Seller%22%3A%22All%22%2C%22Secondary%20Seller%22%3Afalse%2C%22Geo%20Level%22%3A%22Country%22%2C%22Cutoff%22%3A%220%22%7D
12573,0,200,0.158322116,/reportingservice/api/teams/2848/cm/campaigns/1398510173/report.xls?&period=last7days&cutoff=1000&groups=%5Bcamp%3Apub%3Adaily%5D&sortIndex=hitDate&sortOrder=asc&tabs=%5Brisk%3Arsa%3Acampaignviewability%5D&settings=%7B%22Selected%20Report%22%3A%22Risk%20Profile%2C%20Suspicious%20Activity%2C%20Campaign%20Viewability%22%2C%22Period%22%3A%22Last%207%20Days%22%2C%22Group%20Dates%20By%22%3A%22Day%22%2C%22Report%20By%22%3A%22Campaign%22%2C%22Campaign%22%3A%22%25%25CAMPAIGN_NAMES%25%25%22%2C%22Primary%20Seller%22%3A%22All%22%2C%22Secondary%20Seller%22%3Afalse%2C%22Geo%20Level%22%3A%22Country%22%2C%22Cutoff%22%3A%221%2C000%22%7D
12358,0,200,0.496018364,/reportingservice/api/teams/2228/cm/campaigns/zillow.com%253Ayukigame.com%253AYARPP%253Awisedrive.com%253Aweb.roblox.com%253Awably.com%253Avube.com%253Avideorag.com%253Avid.modamob.com%253Aveoh.com%253Aveevr.com%253Aultimate-guitar.com%253Atravelconfidently.com%253Atopix.com%253Atmz.com%253Athosefreegames.com%253Atheblaze.com%253Atechbrowsing.com%253Atabs.ultimate-guitar.com%253ATaboola%253Asurlybirds.com%253Astreetsmartz.com%253Asportlifevideos.com%253Aslacker.com%253Asfgate.com%253Aroblox.com%253AReachNetwork%253Arcp.tv%253Arcp%253Arantlifestyle.com%253Aranker.com%253Aplayer.radio.com%253Aplayer.pureplay.com%253Aplay.greengamesandham.com%253Aphilly.com%253Aperezhilton.com%253Apages.healthination.com%253Angb.tv%253Anexusmods.com%253Anewfreshtips.fr%253AMovies%253Amotorfact.com%253Amixtempo.com%253Amirror.co.uk%253Amerriam-webster.com%253Amapsofworld.com%253Amapquest.com%253Amaplestage.com%253Amako.co.il%253Alolking.net%253Ajosoline.fr%253Ajoovideo.net%253Ajoovideo.com%253Ajango.com%253Aintengy.com%253Ainsideworldsports.com%253Ainsidemyweightloss.com%253Ainsidekidshealth.com%253Aimvu.com%253Ailive.to%253Aie-games.com%253Aibtimes.co.uk%253Ahgbliss.com%253Ahealthanalyze.com%253Agrooveshark.com%253Agreensgardening.com%253AGravityRSS%253AGravity%253Agracevine.christiantoday.com%253Agodork.com%253Agameonplayer.com%253Agadgetboss.com%253AFutureAdsFeed%253AFutureAds%253Afoxnews.com%253Aforums.zybez.net%253Afoods.tv%253Afitnessshared.com%253Afeatureplay.com%253AFacebookOrganic%253AFacebookADTV%253Aehow.com%253Adrudgereport.com%253Adelivery.techbrowsing.com%253Adailymotion.com%253Acricbuzz.com%253Aclipweek.com%253Acitationmachine.net%253Achristiantoday.com%253Abroadway.tv%253Abostonherald.com%253Ablog.sfgate.com%253Ablinkx.com%253Ab3.rivalgaming.com%253Ab3.playtopus.com%253Ab3.playsushi.com%253Ab3.playfizz.com%253Ab3.livingplay.com%253Ab3.epicplay.com%253Ab3.arcadeweb.com%253Ab3.arcadesafari.com%253Ab3.arcadeparlor.com%253Ab3.arcadecandy.com%253Aaolradio.slacker.com%253Aanswers.com%253Aanchorfree.us%253Aallrecipes.com%253Aaeriagames.com%253Aadvertising.paltalk.com%253Aadvertise.comPremRON%253AAdbistroXMNewsFeed%253AAdbistroXMLVidibleFeedLite%253AAdbistroXMLVidibleFeed%253AAdbistroXMLVerified%253AAdbistroXMLutm_source%253De_search%253AAdbistroXMLLanding2A%253AAdbistroXMLLanding2%253AAdbistroXMLLanding1A%253AAdbistroXMLLanding1%253AAdbistroXMLFRLXNonIE%253AAdbistroXMLFRLX%253AAdbistroXMLBeOn%253AAdbistroXMLAOLFeed%253AAdbistroXML%253AAdbistroRetest%253AAdbistroADTV%253A50onRedFeed%253A50onRed/report.xls?&period=last7days&cutoff=0&groups=%5Bcamp%5D&sortIndex=totalImpressions&sortOrder=desc&tabs=%5Btraq%3Arsa%5D&settings=%7B%22Selected%20Report%22%3A%22TRAQ%2C%20Suspicious%20Activity%22%2C%22Period%22%3A%22Last%207%20Days%22%2C%22Group%20Dates%20By%22%3A%22Period%22%2C%22Report%20By%22%3A%22Campaign%22%2C%22Campaign%22%3A%22%25%25CAMPAIGN_NAMES%25%25%22%2C%22Primary%20Seller%22%3Afalse%2C%22Secondary%20Seller%22%3Afalse%2C%22Geo%20Level%22%3A%22Country%22%2C%22Cutoff%22%3A%220%22%7D
10221,0,200,12.225281387,/reportingservice/api/teams/187/fw/campaigns/14170/report.xls?&period=yesterday&cutoff=0&mediaType=mixed&groups=%5Bcamp%5D&sortIndex=totalImpressions&sortOrder=desc&tabs=%5Bfirewall%5D&settings=%7B%22Selected%20Report%22%3A%22Firewall%20Activity%22%2C%22Period%22%3A%22Yesterday%22%2C%22Group%20Dates%20By%22%3A%22Period%22%2C%22Report%20By%22%3A%22Campaign%22%2C%22Campaign%22%3A%22%25%25CAMPAIGN_NAMES%25%25%22%2C%22Media%20Partner%22%3Afalse%2C%22Geo%20Level%22%3A%22Country%22%2C%22Cutoff%22%3A%220%22%7D
11433,0,200,11.608619804,/reportingservice/api/teams/2675/fw/campaigns/18315/report.xls?period=last30days&cutoff=250&mediaType=mixed&groups=%5Bpub%5D&tabs=%5Bvisibility%3Afirewall%3Adevice%3Acountry%3Asites%3Aadlocation%3Acampaignviewability%5D&settings=%7B%22Selected%20Report%22%3A%22See-through%20Rate%2C%20Firewall%20Activity%2C%20Device%20Type%2C%20Geo%20Compliance%2C%20Top%20Blocked%20Sites%2C%20Ad%20Location%2C%20Campaign%20Viewability%22%2C%22Period%22%3A%22Last%2030%20Days%22%2C%22Group%20Dates%20By%22%3A%22Period%22%2C%22Report%20By%22%3A%22Campaign%22%2C%22Campaign%22%3A%22%25%25CAMPAIGN_NAMES%25%25%22%2C%22Media%20Partner%22%3A%22All%22%2C%22Geo%20Level%22%3A%22Country%22%2C%22Cutoff%22%3A%22250%22%7D
11559,0,200,12.046557661,/reportingservice/api/teams/2675/fw/campaigns/18315/report.xls?period=thisMonth&cutoff=0&mediaType=mixed&groups=%5Bpub(1986)%3Aplac%5D&siteGroups=%5Bpub(1986)%5D&tabs=%5Bvisibility%3Afirewall%3Adevice%3Acountry%3Asites%3Aadlocation%3Acampaignviewability%5D&settings=%7B%22Selected%20Report%22%3A%22See-through%20Rate%2C%20Firewall%20Activity%2C%20Device%20Type%2C%20Geo%20Compliance%2C%20Top%20Blocked%20Sites%2C%20Ad%20Location%2C%20Campaign%20Viewability%22%2C%22Period%22%3A%22This%20Month%22%2C%22Group%20Dates%20By%22%3A%22Period%22%2C%22Report%20By%22%3A%22Campaign%22%2C%22Campaign%22%3A%22%25%25CAMPAIGN_NAMES%25%25%22%2C%22Media%20Partner%22%3A%221986%22%2C%22Placement%22%3A%22Yes%22%2C%22Geo%20Level%22%3A%22Country%22%2C%22Include%20Partner%20Info%22%3A%22Yes%22%2C%22Cutoff%22%3A%220%22%7D
12583,0,200,11.381148973,/reportingservice/api/teams/2826/fw/campaigns/19133/report.xls?&period=yesterday&cutoff=0&mediaType=mixed&groups=%5Bpub(10148)%3Aplac%5D&sortIndex=totalImpressions&sortOrder=desc&siteGroups=%5Bpub(10148)%5D&tabs=%5Bfirewall%3Acountry%3Asites%3Acollisions%3Acollisionssites%3Arsa%3Aclutter%3Acluttersites%3Aviewability3ms%3Acampaignviewability%5D&settings=%7B%22Selected%20Report%22%3A%22Firewall%20Activity%2C%20Geo%20Compliance%2C%20Top%20Blocked%20Sites%2C%20Ad%20Collision%2C%20Most%20Colliding%20Sites%2C%20Suspicious%20Activity%2C%20Clutter%2C%20Most%20Cluttered%20Sites%2C%203MS%20Viewability%2C%20Campaign%20Viewability%22%2C%22Period%22%3A%22Yesterday%22%2C%22Group%20Dates%20By%22%3A%22Period%22%2C%22Report%20By%22%3A%22Campaign%22%2C%22Campaign%22%3A%22%25%25CAMPAIGN_NAMES%25%25%22%2C%22Media%20Partner%22%3A%2210148%22%2C%22Placement%22%3A%22Yes%22%2C%22Geo%20Level%22%3A%22Country%22%2C%22Include%20Partner%20Info%22%3A%22Yes%22%2C%22Cutoff%22%3A%220%22%7D
12648,0,200,12.610729882,/reportingservice/api/teams/2826/fw/campaigns/19133/report.xls?&period=last7days&cutoff=250&mediaType=mixed&groups=%5Bpub(8675)%3Aplac%5D&sortIndex=totalImpressions&sortOrder=desc&siteGroups=%5Bpub(8675)%5D&tabs=%5Bfirewall%3Acountry%3Asites%3Acollisions%3Acollisionssites%3Arsa%3Aclutter%3Acluttersites%3Aviewability3ms%3Acampaignviewability%5D&settings=%7B%22Selected%20Report%22%3A%22Firewall%20Activity%2C%20Geo%20Compliance%2C%20Top%20Blocked%20Sites%2C%20Ad%20Collision%2C%20Most%20Colliding%20Sites%2C%20Suspicious%20Activity%2C%20Clutter%2C%20Most%20Cluttered%20Sites%2C%203MS%20Viewability%2C%20Campaign%20Viewability%22%2C%22Period%22%3A%22Last%207%20Days%22%2C%22Group%20Dates%20By%22%3A%22Period%22%2C%22Report%20By%22%3A%22Campaign%22%2C%22Campaign%22%3A%22%25%25CAMPAIGN_NAMES%25%25%22%2C%22Media%20Partner%22%3A%228675%22%2C%22Placement%22%3A%22Yes%22%2C%22Geo%20Level%22%3A%22Country%22%2C%22Include%20Partner%20Info%22%3A%22Yes%22%2C%22Cutoff%22%3A%22250%22%7D
12584,0,200,12.694799878,/reportingservice/api/teams/2826/fw/campaigns/19133/report.xls?period=yesterday&cutoff=0&mediaType=mixed&groups=%5Bpub(814)%3Aplac%5D&siteGroups=%5Bpub(814)%5D&tabs=%5Bfirewall%3Acountry%3Asites%3Acollisions%3Acollisionssites%3Arsa%3Aclutter%3Acluttersites%3Aviewability3ms%3Acampaignviewability%5D&settings=%7B%22Selected%20Report%22%3A%22Firewall%20Activity%2C%20Geo%20Compliance%2C%20Top%20Blocked%20Sites%2C%20Ad%20Collision%2C%20Most%20Colliding%20Sites%2C%20Suspicious%20Activity%2C%20Clutter%2C%20Most%20Cluttered%20Sites%2C%203MS%20Viewability%2C%20Campaign%20Viewability%22%2C%22Period%22%3A%22Yesterday%22%2C%22Group%20Dates%20By%22%3A%22Period%22%2C%22Report%20By%22%3A%22Campaign%22%2C%22Campaign%22%3A%22%25%25CAMPAIGN_NAMES%25%25%22%2C%22Media%20Partner%22%3A%22814%22%2C%22Placement%22%3A%22Yes%22%2C%22Geo%20Level%22%3A%22Country%22%2C%22Include%20Partner%20Info%22%3A%22Yes%22%2C%22Cutoff%22%3A%220%22%7D
12585,0,200,12.652215763,/reportingservice/api/teams/2826/fw/campaigns/19133/report.xls?period=last7days&cutoff=0&mediaType=mixed&groups=%5Bpub%5D&tabs=%5Bfirewall%3Acountry%3Asites%3Acollisions%3Acollisionssites%3Arsa%3Aclutter%3Acluttersites%3Aviewability3ms%3Acampaignviewability%5D&settings=%7B%22Selected%20Report%22%3A%22Firewall%20Activity%2C%20Geo%20Compliance%2C%20Top%20Blocked%20Sites%2C%20Ad%20Collision%2C%20Most%20Colliding%20Sites%2C%20Suspicious%20Activity%2C%20Clutter%2C%20Most%20Cluttered%20Sites%2C%203MS%20Viewability%2C%20Campaign%20Viewability%22%2C%22Period%22%3A%22Last%207%20Days%22%2C%22Group%20Dates%20By%22%3A%22Period%22%2C%22Report%20By%22%3A%22Campaign%22%2C%22Campaign%22%3A%22%25%25CAMPAIGN_NAMES%25%25%22%2C%22Media%20Partner%22%3A%22All%22%2C%22Geo%20Level%22%3A%22Country%22%2C%22Cutoff%22%3A%220%22%7D
6961,0,200,116.82572251,/reportingservice/api/teams/236/fw/teamsummary.xls
